:020000040802F0
:1000000000000220C9330208112E0208352E020812
:100010003B2E0208412E0208472E02080000000075
:100020000000000000000000000000004D2E02084B
:100030004F2E020800000000512E0208532E020825
:100040001934020819340208193402081934020854
:100050001934020819340208193402081934020844
:10006000572E0208193402085D2E020819340208BE
:100070001934020819340208193402081934020824
:100080001934020819340208193402081934020814
:10009000193402081934020819340208632E0208C0
:1000A00019340208193402081934020819340208F4
:1000B0006D2E0208792E020819340208852E0208D6
:1000C000912E02089D2E0208A92E0208193402085A
:1000D00019340208B52E020819340208193402082E
:1000E000193402081934020819340208C12E020812
:1000F00019340208193402081934020819340208A4
:10010000193402081934020819340208CD2E0208E5
:100110001934020819340208193402081934020883
:100120001934020819340208D92E020819340208B9
:100130001934020819340208193402081934020863
:10014000193402081934020819340208E52E02088D
:100150001934020819340208F12E02081934020871
:100160001934020819340208193402081934020833
:10017000193402081934020819340208000000007A
:080180001934020819340208C9
:1001900010B5054C237833B9044B13B10448AFF3C1
:1001A00000800123237010BD900300200000000098
:1001B0006C64030808B5034B1BB103490348AFF354
:1001C000008008BD00000000940300206C64030858
:1001D00010F8012B11F8013B012A28BF9A42F7D0F1
:1001E000D01A70470000000000000000000000006E
:1001F00001F0FF01102A2BDB10F0070F08D010F8D8
:10020000013B013A8B422DD010F0070F42B3F6D1DB
:10021000F0B441EA012141EA014122F007047FF0F4
:1002200000070023F0E80256083C85EA010586EA4B
:10023000010685FA47F5A3FA87F586FA47F6A5FA87
:1002400087F68EB9EED1F0BC01F0FF0102F0070293
:1002500032B110F8013B013A83EA010313B1F8D13E
:100260000020704701387047002D06BF354603381F
:10027000073815F0010F07D1013015F4807F02BF58
:10028000013015F4C03F0130F0BC0138704700BFA9
:10029000034613F8012B002AFBD1181A01387047C6
:1002A00081F0004102E000BF83F0004330B54FEA27
:1002B00041044FEA430594EA050F08BF90EA020F94
:1002C0001FBF54EA000C55EA020C7FEA645C7FEA27
:1002D000655C00F0E2804FEA5454D4EB5555B8BF4A
:1002E0006D420CDD2C4480EA020281EA030382EABB
:1002F000000083EA010180EA020281EA0303362D4D
:1003000088BF30BD11F0004F4FEA01314FF4801C1F
:100310004CEA113102D0404261EB410113F0004F31
:100320004FEA03334CEA133302D0524263EB4303E8
:1003300094EA050F00F0A780A4F10104D5F1200E86
:100340000DDB02FA0EFC22FA05F2801841F10001E1
:1003500003FA0EF2801843FA05F359410EE0A5F1B5
:1003600020050EF1200E012A03FA0EFC28BF4CF0E6
:10037000020C43FA05F3C01851EBE37101F000459C
:1003800007D54FF0000EDCF1000C7EEB00006EEBA9
:100390000101B1F5801F1BD3B1F5001F0CD3490833
:1003A0005FEA30004FEA3C0C04F101044FEA44528A
:1003B00012F5800F80F09A80BCF1004F08BF5FEA11
:1003C000500C50F1000041EB045141EA050130BDF1
:1003D0005FEA4C0C404141EB0101013C28BFB1F503
:1003E000801FE9D291F0000F04BF01460020B1FA4E
:1003F00081F308BF2033A3F10B03B3F120020CDA21
:100400000C3208DD02F1140CC2F10C0201FA0CF0FE
:1004100021FA02F10CE002F11402D8BFC2F1200C63
:1004200001FA02F120FA0CFCDCBF41EA0C01904019
:10043000E41AA2BF01EB0451294330BD6FEA040462
:100440001F3C1CDA0C340EDC04F11404C4F120024D
:1004500020FA04F001FA02F340EA030021FA04F35F
:1004600045EA030130BDC4F10C04C4F1200220FAB6
:1004700002F001FA04F340EA0300294630BD21FAF4
:1004800004F0294630BD94F0000F83F4801306BFBA
:1004900081F480110134013D4EE77FEA645C18BFAE
:1004A0007FEA655C29D094EA050F08BF90EA020F45
:1004B00005D054EA000C04BF1946104630BD91EA3D
:1004C000030F1EBF0021002030BD5FEA545C05D140
:1004D0004000494128BF41F0004130BD14F580047F
:1004E0003CBF01F5801130BD01F0004545F0FE41F3
:1004F00041F470014FF0000030BD7FEA645C1ABF28
:10050000194610467FEA655C1CBF0B46024650EA5E
:10051000013406BF52EA033591EA030F41F400218A
:1005200030BD00BF90F0000F04BF0021704730B510
:100530004FF4806404F132044FF000054FF00001E5
:1005400050E700BF90F0000F04BF0021704730B5A6
:100550004FF4806404F1320410F0004548BF40427B
:100560004FF000013EE700BF42004FEAE2014FEAD0
:1005700031014FEA02701FBF12F07F4393F07F4FAB
:1005800081F06051704732F07F4208BF704793F0AE
:100590007F4F04BF41F40021704730B54FF46074C1
:1005A00001F0004521F000411CE700BF50EA0102C4
:1005B00008BF704730B54FF000050AE050EA01026D
:1005C00008BF704730B511F0004502D5404261EBDD
:1005D00041014FF4806404F132045FEA915C3FF41E
:1005E000D8AE4FF003025FEADC0C18BF03325FEABB
:1005F000DC0C18BF033202EBDC02C2F1200300FA6C
:1006000003FC20FA02F001FA03FE40EA0E0021FA90
:1006100002F11444BDE600BF70B54FF0FF0C4CF47E
:10062000E06C1CEA11541DBF1CEA135594EA0C0F30
:1006300095EA0C0F00F0DEF82C4481EA030621EA6B
:100640004C5123EA4C5350EA013518BF52EA0335A6
:1006500041F4801143F4801338D0A0FB02CE4FF058
:100660000005E1FB02E506F00042E0FB03E54FF088
:100670000006E1FB03569CF0000F18BF4EF0010E80
:10068000A4F1FF04B6F5007F64F5407404D25FEA7C
:100690004E0E6D4146EB060642EAC62141EA55512F
:1006A0004FEAC52040EA5E504FEACE2EB4F1FD0C71
:1006B00088BFBCF5E06F1ED8BEF1004F08BF5FEAEF
:1006C000500E50F1000041EB045170BD06F00046A1
:1006D00046EA010140EA020081EA0301B4EB5C044E
:1006E000C2BFD4EB0C0541EA045170BD41F4801146
:1006F0004FF0000E013C00F3AB8014F1360FDEBF6B
:10070000002001F0004170BDC4F10004203C35DA46
:100710000C341BDC04F11404C4F1200500FA05F3C9
:1007200020FA04F001FA05F240EA020001F000426A
:1007300021F0004110EBD37021FA04F642EB0601E0
:100740005EEA430E08BF20EAD37070BDC4F10C040A
:10075000C4F1200500FA04F320FA05F001FA04F2CE
:1007600040EA020001F0004110EBD37041F10001BA
:100770005EEA430E08BF20EAD37070BDC4F12005C5
:1007800000FA05F24EEA020E20FA04F301FA05F22D
:1007900043EA020321FA04F001F0004121FA04F2D5
:1007A00020EA020000EBD3705EEA430E08BF20EAA5
:1007B000D37070BD94F0000F0FD101F000464000DF
:1007C00041EB010111F4801F08BF013CF7D041EA61
:1007D000060195F0000F18BF704703F00046520065
:1007E00043EB030313F4801F08BF013DF7D043EA36
:1007F0000603704794EA0C0F0CEA135518BF95EAEC
:100800000C0F0CD050EA410618BF52EA4306D1D172
:1008100081EA030101F000414FF0000070BD50EA91
:10082000410606BF1046194652EA430619D094EA1B
:100830000C0F02D150EA013613D195EA0C0F05D105
:1008400052EA03361CBF104619460AD181EA030159
:1008500001F0004141F0FE4141F470014FF0000011
:1008600070BD41F0FE4141F4780170BD70B54FF0AC
:10087000FF0C4CF4E06C1CEA11541DBF1CEA13552C
:1008800094EA0C0F95EA0C0F00F0A7F8A4EB05040E
:1008900081EA030E52EA03354FEA013100F0888005
:1008A0004FEA03334FF0805545EA131343EA1263CE
:1008B0004FEA022245EA111545EA10654FEA002683
:1008C0000EF000419D4208BF964244F1FD0404F53C
:1008D000407402D25B084FEA3202B61A65EB030598
:1008E0005B084FEA32024FF480104FF4002CB6EB55
:1008F000020E75EB030E22BFB61A754640EA0C00D5
:100900005B084FEA3202B6EB020E75EB030E22BF14
:10091000B61A754640EA5C005B084FEA3202B6EB55
:10092000020E75EB030E22BFB61A754640EA9C0014
:100930005B084FEA3202B6EB020E75EB030E22BFE4
:10094000B61A754640EADC0055EA060E18D04FEAA2
:10095000051545EA16754FEA06164FEAC30343EA42
:1009600052734FEAC2025FEA1C1CC0D111F4801F0F
:100970000BD141EA00014FF000004FF0004CB6E708
:1009800011F4801F04BF01430020B4F1FD0C88BFA7
:10099000BCF5E06F3FF6AFAEB5EB030C04BFB6EBB2
:1009A000020C5FEA500C50F1000041EB045170BDA5
:1009B0000EF0004E4EEA113114EB5C04C2BFD4EBD2
:1009C0000C0541EA045170BD41F480114FF0000E56
:1009D000013C90E645EA060E8DE60CEA135594EAD2
:1009E0000C0F08BF95EA0C0F3FF43BAF94EA0C0FD5
:1009F0000AD150EA01347FF434AF95EA0C0F7FF44A
:100A000025AF104619462CE795EA0C0F06D152EA9D
:100A100003353FF4FDAE1046194622E750EA410681
:100A200018BF52EA43067FF4C5AE50EA41047FF492
:100A30000DAF52EA43057FF4EBAE12E74FF0FF3CF7
:100A400006E000BF4FF0010C02E000BF4FF0010CC8
:100A50004DF804CD4FEA410C7FEA6C5C4FEA430C41
:100A600018BF7FEA6C5C1BD001B050EA410C0CBF90
:100A700052EA430C91EA030F02BF90EA020F0020F2
:100A8000704710F1000F91EA030F58BF994208BF59
:100A900090422CBFD8176FEAE37040F00100704716
:100AA0004FEA410C7FEA6C5C02D150EA013C07D16D
:100AB0004FEA430C7FEA6C5CD6D152EA033CD3D0B8
:100AC0005DF8040B704700BF8446104662468C46B2
:100AD0001946634600E000BF01B5FFF7B7FF0028E5
:100AE00048BF10F1000F01BD4DF808EDFFF7F4FF0E
:100AF0000CBF012000205DF808FB00BF4DF808ED99
:100B0000FFF7EAFF34BF012000205DF808FB00BFBB
:100B10004DF808EDFFF7E0FF94BF012000205DF8DD
:100B200008FB00BF4DF808EDFFF7CEFF94BF012092
:100B300000205DF808FB00BF4DF808EDFFF7C4FF8B
:100B400034BF012000205DF808FB00BF4FEA410CD4
:100B50007FEA6C5C02D150EA013C0AD14FEA430CB7
:100B60007FEA6C5C02D152EA033C02D14FF00000F4
:100B700070474FF0010070474FEA410212F5001232
:100B800015D211D56FF47873B3EB625212D94FEAD4
:100B9000C12343F0004343EA505311F0004F23FABE
:100BA00002F018BF404270474FF00000704750EA13
:100BB000013005D111F0004008BF6FF000407047D0
:100BC0004FF00000704700BF4A0011D212F500122A
:100BD00011D20DD56FF47873B3EB62520ED44FEA95
:100BE000C12343F0004343EA505323FA02F0704715
:100BF0004FF00000704750EA013002D14FF0FF3053
:100C000070474FF0000070474FEA4102B2F1E043F5
:100C100024BFB3F5001CDCF1FE5C0DD901F0004CE3
:100C20004FEAC0024CEA5070B2F1004F40EB830033
:100C300008BF20F00100704711F0804F21D113F15F
:100C40003872BCBF01F00040704741F480114FEA98
:100C50005252C2F11802C2F1200C10FA0CF320FA21
:100C600002F018BF40F001004FEAC1234FEAD3233E
:100C700003FA0CFC40EA0C0023FA02F34FEA4303A8
:100C8000CCE77FEA625307D150EA01331EBF4FF031
:100C9000FE4040F44000704701F0004040F0FE404C
:100CA00040F40000704700BF53B94AB9002908BF9B
:100CB00000281CBF4FF0FF314FF0FF3000F0BEB9ED
:100CC000ADF1080C6DE904CE00F03CF8DDF804E06D
:100CD000DDE9022304B0704738B500220023044642
:100CE0000D46FFF70BFF28B920462946BDE83840DE
:100CF00000F00AB8204605F1004100F005F8404236
:100D000061EB410138BD00BFD0B50C4B0022064657
:100D10000F46FFF781FCFFF757FF0446FFF702FC81
:100D2000074B0022FFF778FC02460B463046394657
:100D3000FFF7BAFAFFF748FF2146D0BD0000F03DAB
:100D40000000F0412DE9F047089D8E460446884694
:100D5000002B4AD18A42174662D9B2FA82F64EB1C6
:100D6000C6F1200301FA06F820FA03F3B74043EA7C
:100D70000808B4404FEA174E1FFA87FCB8FBFEF193
:100D8000230C0EFB118843EA084301FB0CF29A4244
:100D900009D9FB1801F1FF3080F0EA809A4240F255
:100DA000E78002393B449A1AA3B2B2FBFEF00EFB75
:100DB000102243EA024300FB0CFC9C4509D9FB18B6
:100DC00000F1FF3280F0D6809C4540F2D3803B4456
:100DD000023840EA0140A3EB0C0300211DB1F340AF
:100DE0000022C5E90032BDE8F0878B4205D90DB17C
:100DF000C5E9000100210846F5E7B3FA83F10029AF
:100E000046D1734502D3824200F20581841A6EEB0B
:100E1000030201209046002DE5D0C5E90048E2E735
:100E2000002A00F09080B2FA82F6002E40F0A480F2
:100E30008A1A030C4FEA174E80B2BCB20121B2FBF2
:100E4000FEFC0EFB1C2243EA024304FB0CF29A4216
:100E500007D9FB180CF1FF3802D29A4200F2E08069
:100E6000C4469B1AB3FBFEF20EFB123340EA034367
:100E700002FB04F49C4207D9FB1802F1FF3002D2B6
:100E80009C4200F2CA8002461B1B42EA0C40A5E7C6
:100E9000C1F120068B4022FA06F71F430EFA01F437
:100EA00020FA06F32EFA06FE4FEA1749234300FA0A
:100EB00001F81FFA87FCBEFBF9F01C0C09FB10EED1
:100EC00044EA0E4400FB0CFEA64502FA01F209D9E1
:100ED0003C1900F1FF3A80F09C80A64540F29980D1
:100EE00002383C44A4EB0E041FFA83FEB4FBF9F372
:100EF00009FB13444EEA044403FB0CFCA44508D947
:100F00003C1903F1FF3E80F08280A4457FD9023B6B
:100F10003C4443EA0040A4EB0C04A0FB02EC644513
:100F20007346E14662D35FD05DB1B8EB030264EB78
:100F3000090404FA06F622FA01F31E43CC40C5E97F
:100F4000006400214FE7B1FBF2FC010C41EA0E41C5
:100F500080B240EA01423B4638463C46B846BE466F
:100F60002026B1FBF7F1A2EB080241EA0C4166E74B
:100F7000014618E710462CE7C6F120022EFA02F3CC
:100F8000B740B14020FA02F24FEA174E0A43B3FBD2
:100F9000FEF8BCB20EFB1833110C41EA034108FB0A
:100FA00004F9B04089454FEA104380B23ED9791820
:100FB00008F1FF3C01D289451FD8A1EB0901B1FB23
:100FC000FEF909FB04F80EFB191192B242EA014244
:100FD000424529D2BA1809F1FF31C4D24245C2D2E2
:100FE000A9F102013A44BEE7F0459DD2BEEB0203EF
:100FF0006CEB070C0138E14696E7A7EB0909494479
:10100000A8F1020CB1FBFEF909FB04F8DBE773461B
:101010007FE7504666E70846FDE63B44023A33E781
:10102000ACF1020C3B441CE749469CE7A1EB0901EB
:10103000C446B1FBFEF909FB04F8C4E7704700BFE2
:1010400000F012BC00F046BC7FB50023039305936B
:1010500011230191029301A90323049302F070FE6E
:1010600007B05DF804FB20B10023C0E90033C0E9FC
:101070000212704710B5044620B102F019FA236835
:10108000C01AC00F10BD000010B50C4670B100684A
:1010900060B104F045FB064B0246002C14BF21460C
:1010A00019460448BDE810400CF060B910BD00BFFF
:1010B000886403088B640308F8B50C461746054698
:1010C00008B90020F8BD0029FBD00B68002BF8D030
:1010D00002F0EEF96B68EA68C31A93420646F0D351
:1010E000344B6860002F14BF3946194632480CF063
:1010F0003DF972B6206803F051FA62B62189606842
:10110000FFF7A2FF218AE068FFF79EFF2189606850
:10111000012202F081FF218AE068012202F07CFFB7
:1011200005200AF08DFD092721896068002202F060
:1011300073FF05200AF084FD21896068012202F016
:101140006BFF05200AF07CFD013FEDD13A46218A74
:10115000E06802F061FF05200AF072FD21896068F5
:10116000012202F059FF05200AF06AFD0122218ABE
:10117000E06802F051FF05200AF062FD206803F0EC
:1011800065F92189606802F041FF218A0746E0681D
:1011900002F03CFF431E5A4207F1FF305A414142E0
:1011A000414106480CF0E2F8AB6833442B60012063
:1011B00088E700BF88640308C2640308F664030874
:1011C00000487047AC030020024B186002480AF048
:1011D0005BBA00BFF4040020AC030020034B1B6883
:1011E00013B103480AF06ABA704700BFF404002044
:1011F000AC030020064B1A6832B1137829B11843AA
:10120000107008B901235370704723EA0000F7E714
:10121000F4040020064B186848B1037813F001006D
:1012200005D19A0702D403F00400704702207047EA
:10123000F4040020114B196810B50446E9B1E0B17F
:101240000378D3B1FFF7E6FF042814D8DFE800F0F5
:10125000030D151307000A4821460FF0FFF9214638
:101260000748BDE8104008F05DB821460448BDE8D5
:1012700010400FF0F3B901234B7010BDF4040020AF
:101280007D6603080FB400B5104BADF20C4D1B6822
:10129000DDF81024A3B19AB10DF214434FF480612C
:1012A00002A8019312F0F2FB002809DBB0F5806F71
:1012B000A8BF002302A8A8BF8DF80734FFF7BAFF24
:1012C0000DF20C4D5DF804EB04B07047F4040020FF
:1012D000FFF7B0BF38B5144B0D461968044611B37B
:1012E00008B305B3FFF796FF04281AD8DFE800F02B
:1012F000030D13190700294620460FF0DFF9294690
:101300002046BDE8384008F043B829462046BDE8ED
:1013100038400FF0D3B9E9B22046BDE8384009F0B3
:101320001DB801234B7038BDF404002010B50846E9
:10133000431E96B01146402B00F26E81DFE813F099
:1013400067006D00570061006C016C016C016C015D
:101350006C016C016C016C0199006C016C016C01F9
:101360006C016C016C016C016C016C016C016C0115
:1013700041006C016C016C016C016C017F00130178
:101380006C018F000201020102010201020102014F
:101390000201E900A4000D0107010701070107018F
:1013A00007010701250131016C016C013C01440179
:1013B0004B016C017900730052015A01610168010F
:1013C0006A0106A800F05AFC069B5BB11C684CB190
:1013D000FFF720FF022804F1180005D1B4F80C1221
:1013E000FFF778FF16B010BDFFF772FFFAE7042091
:1013F0000121FFF7FFFE8D4816B0BDE810400BF04D
:10140000AFBF04200021FFF7F5FE8948F4E7012172
:101410000846FFF7EFFE8748EEE701200021FFF7BF
:10142000E9FE8548E8E702200121FFF7E3FE834853
:10143000E2E702200021FFF7DDFE8148DCE706A895
:101440000DF0D6FB0228CDD1069C207900F01CFCC3
:1014500020880DF0BDFAE06801F030F8C2E7794865
:101460000BF081FF0021072016B0BDE81040FFF708
:10147000C1BE06A80DF030FA0228B3D1069B72480F
:1014800019880BF070FFADE768460CF095FC022858
:1014900003D06E480BF067FFA4E7009CA0680FF034
:1014A000F3F920690FF0FEF9E0680FF0ABF904F1F1
:1014B0001C000FF047F904F12C000FF053F904F170
:1014C0003C000FF05FF904F14C000FF06BF994ED64
:1014D000060A0FF09DF91022002102A812F088FBE5
:1014E00002A80FF06FF91022002106A812F080FB6D
:1014F00006A80FF077F994ED180A0FF0BFF9606EA7
:101500000FF0E4F90BF020FF0AF068FF08F0DCFEB2
:1015100068E789B10A784E4B4E4C002A18BF1C462A
:1015200040214D4A234606A812F008FA06A8FFF704
:10153000CFFE4A482146A4E7494816B0BDE810400E
:101540000BF00BBF16B0BDE8104000F069BA45487B
:1015500016B0BDE810400BF0FDBE434816B0BDE824
:1015600010400BF003BF06A80DF042FB022808D183
:10157000069C20890DF04CFAA1683C480BF0F6FE61
:1015800030E73B480BF0E9FE2CE73A484FF47A711C
:10159000FFF778FE01F08CFF374B00F57A7018608A
:1015A00020E70CF0F1FD28B1344816B0BDE810403A
:1015B000FFF768BE3248F8E701200CF03FFE08B1A3
:1015C0003048F2E73048F0E700200CF037FE002802
:1015D000F8D02E48E9E70CF025FE08B12C48E4E7E6
:1015E0002C48E2E701200CF085FE08B12A48DCE730
:1015F0002A48DAE700200CF07DFE0028F8D02848C1
:10160000D3E70CF06BFE08B12648CEE72648CCE7BE
:101610002648CAE72648C8E709F0EEFF01462548F4
:1016200016B0BDE810400BF09EBE00BF3665030843
:101630004F6503086B6503088B650308A565030800
:10164000BC650308D9650308F86503081F6603082D
:101650002F6503082D6503084066030855660308D7
:1016600080660308B5660308DF6603080967030898
:1016700032670308746703080C050020A667030897
:10168000C8670308EE670308236803084668030871
:101690007C680308A3680308CB680308076903088C
:1016A0002A6903086269030890690308BA69030894
:1016B000E1690308086A030808B50CF021FB0EF085
:1016C00051FF07F029FD08F027FE0DF057FA0DF045
:1016D000BDF80BF05DFB0AF0E9FD08F065F9BDE827
:1016E000084007F061BE000008B50CF061FB18B1BE
:1016F0002249002209F0CEFF07F06CFD18B11F4906
:10170000002209F0C7FF0EF053FF18B11B49002259
:1017100009F0C0FF08F07CFD18B11849002209F05B
:10172000B9FF0DF061FA18B11449002209F0B2FFB7
:101730000BF06EFB18B11149002209F0ABFF0DF060
:10174000C7F818B10D49002209F0A4FF08F048F9C4
:1017500018B10A49002209F09DFF0AF0DBFD18B11B
:101760000649002209F096FF07F05AFE28B1BDE8AD
:1017700008400249002209F08DBF08BD2D13020860
:1017800070B50CF027FB0EF03DFF0DF00DFA08F0E0
:1017900049FD07F02FFD2C4B5B78052B05D10DF093
:1017A000DBF8BDE8704007F05BBE0BF04FFB0AF0C2
:1017B000CDFD07F055FE08F033F901F079FE234B1B
:1017C0001E6842F21073861B9E4209D92048FFF71B
:1017D00051FC28B10DF0AAF8BDE870400DF0BCB87E
:1017E0000DF0A2F801F064FE1A4C20600DF0B4F880
:1017F00001F05EFE2568451B022D656002D80023BE
:10180000237370BD237B63B9A368C31A002B08DB65
:10181000C830A06001231049104823732A460BF0FA
:10182000A5FD42F210739E42EBD9032DE9D00C497D
:101830000C48FFF729FC0A4A0A490548FFF73CFC17
:10184000BDE870400DF072B814000020F8040020CC
:10185000FC040020100500201D6A0308236A030809
:101860005F6A03080000002010B5164CFFF724FF44
:10187000FFF73AFF204600F0C1F92046FFF7A4FC2D
:101880002046114C00F072F800F05AFA012000F0E6
:10189000FBF9FFF795FC2146002209F0FBFE00F062
:1018A000A9F92146002209F0F5FE01F001FE074BDF
:1018B000BDE810401860C82205484FF4FA71FFF7E0
:1018C000D2BB00BF140000202D130208F804002032
:1018D000FC04002010B5124CFFF752FF00F098F9FD
:1018E00000F052F800F042FAFFF778FC2368B3B139
:1018F00001F0DEFD2368C01A002810DB0948FFF75D
:10190000C1FC72B6BFF34F8F0749084BCA6802F497
:10191000E0621343CB60BFF34F8F00BFFDE710BD04
:101920000C050020676A030800ED00E00400FA05DA
:101930000D4B1B68BBB15B78013B062B11D8DFE870
:1019400003F00408060A0C100E000AF07DBD0AF030
:1019500063BD0AF0BBBD0AF047BD0AF00DBE0AF038
:10196000DFBD0AF089BD70473005002008B5044B83
:101970001860044809F028FFBDE808400AF030BEAE
:1019800030050020180000207047000038B50546DB
:1019900008460C460CF010FA022801D1236823B93E
:1019A00003480BF0DAFC002038BD2B600120FBE778
:1019B000876A0308013A92B28A4202D104480BF0C6
:1019C000C9BC03780BB90348F9E7FFF781BC00BF36
:1019D000CC6A0308136B030800B5ADF5017D6946B9
:1019E0004FF400720CF000F94FF4007201466846A3
:1019F000FFF7E0FF0DF5017D5DF804FB00B5ADF2EA
:101A0000044D69464FF480620CF044F84FF4806254
:101A100001466846FFF7CEFF0DF2044D5DF804FB6A
:101A200010B52928ADF5047D09D822280AD9243813
:101A300005280AD8DFE800F0141C7D2D49644228EF
:101A400000F0A3800DF5047D10BD04A902A8FFF7E6
:101A50009DFF0028F6D002980430FFF7CFFFF1E792
:101A600004A902A8FFF792FF0028EBD0029843E0F8
:101A700004A902A8FFF78AFF0028E3D0029C002CEB
:101A8000E0D0201DFFF7BAFF04F16C00FFF7A4FFC0
:101A9000D8E704A80DF0C4F818B946480BF05DFC6F
:101AA000D0E704A80BF0EAFF04A80CF0CDF950B978
:101AB00041480BF055FC02A901A8FFF767FF002879
:101AC000C0D00198C8E73D48E8E704A80DF0BCF88D
:101AD00008B93B48E2E704A80BF0D4FF04A80CF0D7
:101AE00079FA58B937480BF03BFC02A901A8FFF777
:101AF0004DFF0028A6D001986C30C7E73248CDE7EB
:101B000032480BF033FC0CF0CDFA01460446304865
:101B10000BF026FC2F4B3048002C08BF1846FFF76F
:101B2000D7FB04A902A8FFF731FF00289ED12B485C
:101B3000B4E701F0BDFC2A4A137843B129490B6888
:101B4000C31AB3F57A7F82BF002313700B6013783A
:101B50002BB9244B18600123234813700FE0013385
:101B6000DBB2022BF8D9002313701E4A13600CF06D
:101B7000FBFA1E4A1E4B00280CBF104618460DF5F6
:101B8000047DBDE81040FFF7A3BB02A901A8FFF741
:101B9000FDFE00283FF456AF019804A94FF40072EF
:101BA00004300CF057F84FF40072014604A8FFF718
:101BB00001FF47E7376C0308816C0308B26C030828
:101BC000E56C03082D6D03085C6D03088D6D03083B
:101BD000C46D0308566B0308896B0308F96D03088D
:101BE00034050020380500204B6E0308016C030803
:101BF000CD6B03080048704760070020024B186057
:101C0000024809F041BD00BFA8080020600700207D
:101C100070B5174B1C6886B03CB3164E4FF4097272
:101C20000021304611F0E4FF4FF4FA7206F118017A
:101C3000607800F06BFC6C46A6F80C0268460EF06B
:101C400049FD0FCC06F504750FC523682B60B6F867
:101C50000C3253B108483246192109F02CFD0648D0
:101C600006B0BDE8704009F029BD06B070BD00BFE8
:101C7000A80800203C0500206007002008B1014BA7
:101C80000360704724000020094B1B68014673B1B4
:101C90000A2802D8074A125C12B907480BF05DBB4C
:101CA0005A78824203D0587004480BF059BB7047F1
:101CB000A808002033880308826E0308A46E030876
:101CC000044B03EBC0010022898853F8300002F076
:101CD000A3B900BF608803082DE9F041154F164DE8
:101CE000164E00244FF0010817F8013B012B04D0D9
:101CF000336863B92046FFF7E3FF0134E4B2082CF0
:101D000005F1080506F10406EED1BDE8F08198471B
:101D10000238C0B2012807D8A988286807F8018CC2
:101D2000012202F079F9E8E7A988286802F079F938
:101D3000E3E700BFAC080020608803084088030880
:101D400070B50024074D26462046013405F8016B86
:101D5000E4B2FFF7B5FF082CF6D1BDE870400248A9
:101D600009F032BDAC0800202C00002070470000B4
:101D700030B58BB0044605A80D460EF0ABFC074B02
:101D80000293059B0193064B0093064A099B294643
:101D9000204611F0D3FD80B20BB030BDF46E0308C5
:101DA000FA6E0308C96E03082DE9F04F2DED028B82
:101DB0000C4697B0064600B129B9002017B0BDEC1B
:101DC000028BBDE8F08F0BA80BF026F8022863D138
:101DD0000B9BD3ED038A93ED028ADD69D3F818B02B
:101DE0000BA80CF079FD02280CBF0B9B00270BA859
:101DF00006BFDF68D3F808A0BA460AF08FFA0228B7
:101E000008BF0B9B0BA80CBFD3F800804FF0000855
:101E100007F00AFB022808BF0B9B01A80CBFD3F8F0
:101E200004904FF000090EF055FC2C2200210DEB20
:101E3000020011F0DDFE01F03BFB07EE900A9FED82
:101E40001A7A019B0B93F8EE677A029B0C9367EE6C
:101E5000877A2246314606A8CDED0D7ACDED0E8A61
:101E60008DED0F8ACDF840B01195CDF848A0CDF892
:101E70004C90CDF8508015970EF03EF80B490BAA08
:101E800006A80EF023FB002897D0BDF824000028F8
:101E900093D0844292D290E7002508EE105A08EEC3
:101EA000905AAB469CE700BF6F12833ADC8C030864
:101EB0002DE9F04F2DED028BB1B0CDE929012CA811
:101EC0000BF07AFF2EA80AF0A7FF022840F0C1808D
:101ED0002E9BD3ED037A9C69CDED227AD3ED027A65
:101EE000CDED237AD3ED077ACDED247A2EA807F035
:101EF0009BFA022840F0B2802E9BD3ED007A9E68B8
:101F0000CDED257AD3ED017ACDED267A2EA80CF011
:101F1000E3FC022840F0A6802E9BD3ED037A9D6857
:101F2000CDED277AD3ED047ACDED287A2EA807F0EF
:101F30005BFD02280CBF2E9B00272EA803BFD3F801
:101F400004B0D3F808A01F68BA4618BFBB4607F014
:101F500045F902280CBF2E9B4FF000082EA806BFA3
:101F6000D3F80090D3F80480C1460AF0D7F90228CC
:101F70000ABF2E9B00231B682B9301F099FA2B9B21
:101F800008EE100A1846FEF7EFFACDE920013846B0
:101F9000FEF7EAFACDE91E015846FEF7E5FACDE96B
:101FA0001C015046FEF7E0FACDE91A012798FEF72A
:101FB000DBFACDE918012898FEF7D6FACDE916012B
:101FC0003046FEF7D1FACDE914012698FEF7CCFA97
:101FD000CDE912012598FEF7C7FACDE91001404678
:101FE000FEF7C2FACDE90E014846FEF7BDFACDE98B
:101FF0000C012846FEF7B8FACDE90A012398FEF74E
:10200000B3FACDE908012298FEF7AEFACDE9060150
:102010002046FEF7A9FACDE904012498FEF7A4FAB8
:10202000B8EE488ADFED117AC8EE277ACDE90201D1
:1020300017EE900AFEF798FA0D4ACDE90001DDE9A6
:10204000290111F07BFC80B231B0BDEC028BBDE800
:10205000F08F002424942394229447E700262696A8
:10206000259653E70025289527955FE700007A44D9
:10207000066F03082DE9F04F2DED028BA7B0CDE9D7
:1020800019011EA80AF0C8FE022840F086801E9B97
:102090005E681F68D3F814801C6920A80AF03EF916
:1020A000022808BF209B24A80CBFD3F800904FF053
:1020B000000907F0B9F902280CBF249B002522A8CB
:1020C00003BFD3F800A0D3F804B09D68AB4618BF97
:1020D000AA460CF001FC022809BF22990021CB6816
:1020E0000A690EBF89680A460B46CDE91C211B937D
:1020F00001F0DEF91D9908EE100A0846FEF734FAE1
:102100001C9ACDE916011046FEF72EFA1B9BCDE96D
:1021100014011846FEF728FACDE912012846FEF709
:1021200023FACDE910015846FEF71EFACDE90E015B
:102130005046FEF719FACDE90C014846FEF714FAAD
:10214000CDE90A012046FEF70FFACDE90801404625
:10215000FEF70AFACDE906013846FEF705FACDE9A1
:1021600004013046FEF700FAB8EE488ADFED0D7A3A
:10217000C8EE277ACDE9020117EE900AFEF7F4F9CE
:10218000094ACDE90001DDE9190111F0D7FB80B260
:1021900027B0BDEC028BBDE8F08F0024A046274697
:1021A00026467AE700007A445B6F03082DE9F04F7A
:1021B0002DED028B0E468DB00546002800F0A7805D
:1021C000072940F2A48005A80CF086FB02285CD108
:1021D000059F002F5AD0D7F808800CF01FFC074647
:1021E000052107A807F0A2F9834601F061F9494AE1
:1021F00008EE100A3146284611F0A0FB112E48DDEA
:10220000B8EE488ADFED447AC8EE277A05F111046A
:10221000A6F1110917EE900AFEF7A6F93F4ACDE99B
:1022200000012046494611F089FB00F11104A64245
:1022300016DD4046FEF798F9A6EB040A05EB040903
:10224000CDE90001364A5146484611F077FB044477
:10225000A64205DD311B2819324A11F06FFB063406
:102260000DF11C084FF000091FFA89F35B4512D3EA
:10227000A6422DDC35440023701E05F8013C80B2D7
:102280000DB0BDEC028BBDE8F08F00274FF00008C9
:10229000A6E71124E4E7A64215DD234A234BD8F82C
:1022A0000000B9F1000F18BF13460393FEF75CF965
:1022B00005EB040ACDE90001039B1D4A311B504682
:1022C00011F03CFB044409F1010908F10408CBE7D3
:1022D000311B2819174A013411F030FBA642C9DD21
:1022E000154A164B311B002F08BF13462819144AF4
:1022F00011F024FB0444A642BCDD311B2819114A0D
:10230000013411F01BFBA642B4DDA0B2B8E70020F7
:10231000B6E700BFDA6F030800007A44EC6F0308E9
:10232000FE6F03080A700308CD6F0308EA73030801
:102330001170030818700308D46F0308CF6F0308E7
:102340001A700308066A03082DE9F0432DED028B8D
:102350008DB004460AA80D460CF0BEFA02280CBF48
:102360000A9B00260AA806BFDF681E69374607F0E9
:102370003BFB022808BF0A9B0AA80CBFD3F80880C1
:102380004FF0000809F0CAFF02280ABF0A9B4FF06D
:102390000009D3F8009001F08BF808EE100A4846C7
:1023A000FEF7E2F8CDE908014046FEF7DDF8CDE999
:1023B00006013046FEF7D8F8CDE904013846FEF7AD
:1023C000D3F8B8EE488ADFED0B7AC8EE277ACDE96C
:1023D000020117EE900AFEF7C7F8074ACDE900019F
:1023E0002946204611F0AAFA80B20DB0BDEC028B4E
:1023F000BDE8F08300007A44257003082DE9F0431E
:102400002DED028B99B0054616A80E460AF004FD84
:10241000022843D1169B1F69D3F81480D3F8189073
:10242000DC6901F045F80023002208EE100A20467E
:10243000CDE91423CDE91223CDE91023CDE90E23F4
:10244000CDE90C23CDE90A23FEF78EF8CDE908018A
:102450004846FEF789F8CDE906014046FEF784F8C4
:10246000CDE904013846FEF77FF8B8EE488ADFED83
:102470000E7AC8EE277ACDE9020117EE900AFEF730
:1024800073F80A4ACDE900013146284611F056FAA0
:1024900080B219B0BDEC028BBDE8F0830024A146E8
:1024A000A0462746BDE700BF00007A447F700308BE
:1024B000014B01221A707047B508002038B5104D45
:1024C0002B688342044619D00028C8BF07EE900A43
:1024D000DFED0C6ACCBFB8EEE77AB7EE007AC6EE55
:1024E000877A01460848B2EE047A67EE877AFCEEF6
:1024F000E77A17EE902A0AF036FF2C6038BD00BF4D
:102500004400002000007A445D7103082DE9F04189
:10251000264F3B7804460D46164623B9244809F059
:1025200053F901233B70012C2DD0A31F012B2DD972
:10253000204B1B68A3F16402B2F5617F29D807EE36
:10254000903ADFED1D6AB8EEE77AC6EE877AB2EE12
:10255000047A67EE877AFCEEE77A17EE903A144A2F
:102560009360164A1378EBB100231370144A12F8E3
:102570003300A04202EBC3010DD14B68284631461F
:10258000BDE8F04118474FF47A73E8E740F6B833F6
:10259000E5E70923E3E70133072BE8D109482146A2
:1025A0000AF0DBFE0020BDE8F08100BFB408002087
:1025B000380000204400002000007A44B5080020C4
:1025C000A08803087E71030813B50F4B0024019403
:1025D0001A6B42F480021A631B6B03F480032246D9
:1025E000214601933A20019B00F08EFF3A2000F033
:1025F000BDFF22462146462000F086FF462002B05D
:10260000BDE8104000F0B2BF003802402DE9F04FA5
:102610008DB01422002107A811F0EAFA0024734BB0
:1026200001941A6BDFF8D0B1DFF8D0A1704F714E72
:10263000DFF8CC8142F080021A631A6B02F080024C
:102640000192019A02941A6B42F001021A631A6B0A
:1026500002F001020292029A03941A6B42F0040201
:102660001A631A6B02F004020392039A04941A6B21
:1026700042F010021A631A6B02F010020492049ADC
:1026800005941A6B42F002021A631A6B02F00202FE
:102690000592059A06941A6B42F008021A631B6BA6
:1026A00003F008030693584601221021069B01F00F
:1026B000B3FC224650464FF4607101F0ADFC384641
:1026C00001224FF4805101F0A7FC224630464CF61F
:1026D000E04101F0A1FC22464046402101F09CFC73
:1026E000304601220A2101F097FC22463846182183
:1026F00001F092FC01254FF0100907A95846CDE9D9
:102700000795CDE9095501F01BFBCDF81C9007A9F1
:102710004FF404194046CDE9089501F011FB4FF440
:10272000607307A95046CDE90735CDE9094401F0AA
:1027300007FB4FF48053CDE9073507A9022338463C
:102740000A93099501F0FCFA4FF4827307A9304609
:10275000CDE90739099501F0F3FA4CF6E04307A9F2
:102760003046CDE90735CDE9094401F0E9FA4023C7
:1027700007A94046CDE90735CDE9094401F0E0FA63
:1027800007A930464FF00A08CDE90754099401F033
:10279000D7FA07A93046CDE90785CDE9095501F0FB
:1027A000CFFA182307A93846CDE90735CDE9094402
:1027B00001F0C6FA22462146082000F0A5FE0820B6
:1027C00000F0D4FE22462146404600F09DFE4046E1
:1027D00000F0CCFE22462146172000F095FE17207F
:1027E00000F0C4FE0DB0BDE8F08F00BF003802401D
:1027F00000040240000C02400000024000100240B1
:102800000008024008B50B480B4A0C4BC0E90023F6
:1028100000234FF48042C0E90233C0E90423C0E939
:102820000633036201F012FE18B1BDE8084000F063
:1028300095B908BD0C09002000540040A086010095
:1028400008B50B480B4A0C4BC0E9002300234FF49A
:102850008042C0E90233C0E90423C0E906330362C1
:1028600001F0F4FD18B1BDE8084000F077B908BDEB
:10287000B808002000580040A086010030B514229E
:102880008BB0044600210DEB020011F0B1F9236872
:10289000364A934235D1364C00250195236B43F0DF
:1028A00002032363236B03F002030193019B4FF4A4
:1028B000407012234FF0030CCDE9050305A9042352
:1028C0002C48CDE908C301F03BFA0295236C43F490
:1028D00000132364236C03F400132A462946029351
:1028E0001F20029B00F010FE1F2000F03FFE202062
:1028F0002A46294600F008FE202000F037FE0BB0E3
:1029000030BD1D4A9342FAD1194C1A48002503954F
:10291000236B43F002032363236B03F0020303934F
:102920004FF44062039B1223CDE9052303210423C6
:10293000CDE9081305A901F003FA0495236C43F4CB
:1029400080032364236C03F480032A4629460493FE
:102950002120049B00F0D8FD212000F007FE22205A
:102960002A46294600F0D0FD2220C6E70054004048
:1029700000380240000402400058004008B51A4ADE
:102980000368934217D102F5F2321848136C23F40E
:10299000001313644FF4807101F0AAFA13484FF446
:1029A000007101F0A5FA1F2000F0EEFD2020BDE827
:1029B000084000F0E9BD0E4A934214D102F5F0320E
:1029C0000A48136C23F4800313644FF4806101F010
:1029D0008FFA06484FF4006101F08AFA212000F0D6
:1029E000D3FD2220E3E708BD00540040000402406C
:1029F0000058004010B5002494B02146142203A8CA
:102A0000CDE90A440C9411F0F3F8214B01941A6CAF
:102A100042F080521A641B6C03F080530193019BB7
:102A20001C4B02941A6842F480421A601B6803F43B
:102A300080430293029B09214FF480330224CDE9A5
:102A4000081301234FF48000CDE90D340423CDE9B0
:102A50000F03A823CDE9113408A80723139303F02B
:102A6000ADFB08B172B6FEE70F23CDE90334059044
:102A70004FF4A0524FF48053052103A8CDE906235B
:102A800003F078FD08B172B6FEE714B010BD00BFC8
:102A9000003802400070004038B572B62A4A2B4B0D
:102AA000C2F3080121B99A60BFF34F8FBFF36F8F54
:102AB000D3F8882042F47002C3F88820BFF34F8F08
:102AC000BFF36F8F224B5A6B42F040425A63DA6B6E
:102AD00042F0A062DA6300F0C5FCFFF78BFF62B63C
:102AE000FFF794FDFFF770FD00F0A2FA00F072F816
:102AF0000EF068FDFFF786FE00F060FB00F060FA64
:102B000000F02EF800F0AAFB00F088F800F0A8F81A
:102B1000FFF796FE00F0CCFC0E4D044695F89C3273
:102B2000032B07D1FEF78CFA0B4804F093FBFEF75A
:102B300089FAFCE700F0BCFC031BB3F5FA7FF1D285
:102B4000012000F0BBFCE9E70000020800ED00E016
:102B500000EF00E0846B00208C0A002072B6FEE7D4
:102B60000A480B4A08B50023C0E900237F21FF2251
:102B7000C0E90212C0E90433836103F0A0FE18B17A
:102B8000BDE80840FFF7EABF08BD00BF60090020AC
:102B9000002800401FB5044610220021684611F0AD
:102BA00027F82268094B9A420ED102230093684607
:102BB0004FF40073039303F09DFD08B1FFF7CEFFC0
:102BC000034B0122C3F83C2E04B010BD0028004086
:102BD000000047420F48104A08B54FF48273C0E91D
:102BE000002301214FF400720023C0E905122822BE
:102BF000C0E90233C0E90723C0E9093303610A23AE
:102C0000C36203F06BFF18B1BDE80840FFF7A6BF31
:102C100008BD00BF300A0020003001400E480F4AB6
:102C200008B54FF48273C0E900230023C0E90233E2
:102C3000C0E90433C0E908334FF40071082283620D
:102C40000A23C0E90612C36203F048FF18B1BDE8C9
:102C50000840FFF783BF08BDD809002000380040B6
:102C60000E480F4A08B54FF48273C0E900230023D1
:102C7000C0E90233C0E90433C0E908334FF40071FE
:102C8000082283620A23C0E90612C36203F026FF0A
:102C900018B1BDE80840FFF761BF08BD80090020FA
:102CA000003C004070B504468CB01422002107A8F7
:102CB00010F09EFF2368414A93422DD1404B41487A
:102CC000002401945A6C42F480525A645A6C02F403
:102CD00080520192019A02941A6B42F001021A6327
:102CE0001B6B03F0010302930225029B0A9520232C
:102CF000052607A9CDE907350B9601F021F8C02379
:102D0000CDE907350123CDE90A362E48099407A9F4
:102D100001F016F80CB070BD2B4A934220D1284B1D
:102D20002A48002103911A6C42F480421A641A6CFA
:102D300002F480420392039A04911A6B42F0020259
:102D40001A631B6B03F0020304934FF46041049B6E
:102D50000223CDE907130A9305230B9307A9D7E7AD
:102D60001B4A9342D6D1164B1A48002405941A6C7C
:102D700042F400421A641A6C02F400420592059A69
:102D800006941A6B42F004021A631B6B03F00403EF
:102D90000693069B4FF4E0520223CDE907230A93E2
:102DA00007A906230B9300F0CBFF224621463320D0
:102DB00000F0AAFB332000F0D9FBABE70030014064
:102DC0000038024000000240003800400004024089
:102DD000003C00400008024082B00C4B00210091F2
:102DE0005A6C42F480425A645A6C02F48042009257
:102DF000009A01911A6C42F080521A641B6C03F025
:102E000080530193019B02B0704700BF003802401D
:102E100072B6BFF34F8F0549054BCA6802F4E062F2
:102E20001343CB60BFF34F8F00BFFDE700ED00E021
:102E30000400FA0508B5FFF7EBFF08B5FFF7E8FF58
:102E400008B5FFF7E5FF08B5FFF7E2FF70477047E9
:102E5000704700F021BB042001F0ECB8102001F015
:102E6000E9B84FF4807001F0E5B80000014804F0C3
:102E700045BA00BF1C0B0020014804F03FBA00BF58
:102E8000D40A0020014801F05FBF00BF0C090020F8
:102E9000014802F0A9BB00BF0C090020014801F065
:102EA00053BF00BFB8080020014802F09DBB00BF1F
:102EB000B8080020014805F029B900BF240C002003
:102EC000014804F01BBA00BF8C0A0020014804F03E
:102ED000B3B800BF80090020014800F0C3BC00BFA8
:102EE000C40B0020014802F0E3BD00BF8482002033
:102EF000014800F0B7BC00BF640B00200120704700
:102F000008B510F06FFF162303604FF0FF3008BDC7
:102F100008B510F067FF16230360FEE770B50D4695
:102F200014460E46731B9C4201DC204670BDAFF375
:102F3000008006F8010BF5E770B50D4614460E4605
:102F4000731B9C4201DC204670BD16F8010BAFF3E9
:102F50000080F5E74FF0FF3070474FF400534B60AF
:102F60000020704701207047002070470B4A11680D
:102F700010B5034609B90A491160106809490A4C9D
:102F80000344091B8B4206D910F02CFF0C2303606D
:102F90004FF0FF3010BD1360FCE700BF880A00202F
:102FA000B88800200000022000400000034AD2F848
:102FB000883043F47003C2F88830704700ED00E0B9
:102FC00010B5002486B01022214602A8CDE90044A5
:102FD00010F00EFE144853234FF08042C0E9002346
:102FE000124B8460C0E903348023836104F0CAFA81
:102FF00008B1FFF7B3FD0C486946CDE9004404F081
:10300000CDFD08B1FFF7AAFD00220123064802A961
:10301000CDE90223CDE9042204F0A0FB08B1FFF7BB
:103020009DFD06B010BD00BF1C0B00203F420F00ED
:103030001FB510220021684610F0DAFD0E480F4A35
:103040005323C0E9002300236322C0E90232036155
:103050008023836104F03EFA08B1FFF77FFD4FF44F
:10306000805305480093694604F00EFC08B1FFF751
:1030700075FD05B05DF804FB8C0A002000180040C7
:1030800010B5044688B01422002103A810F0B0FD4A
:103090002368B3F1804F29D103F50E330024019446
:1030A0001A6C134842F001021A641A6C02F0010211
:1030B0000192019A02941A6B42F001021A631B6B8F
:1030C00003F0010302930122029B0792022303A94A
:1030D000CDE90323CDE9053300F032FE1C20224662
:1030E000214600F011FA1C2000F040FA08B010BD93
:1030F0000000024007B50368184A934215D1184BE7
:1031000000220092196C41F0020119641B6C03F05B
:10311000020300931D201146009B00F0F5F91D20CD
:1031200003B05DF804EB00F021BA0E4A934211D1CE
:103130000B4B00220192196C41F0400119641B6C89
:1031400003F0400301932B201146019B00F0DCF9B2
:103150002B20E5E703B05DF804FB00BF000400404E
:10316000003802400018004010B5044686B0142212
:10317000002101A810F03CFD22680D4B9A4214D1A9
:10318000002300930B4B0C481A6B42F004021A63A5
:103190001B6B03F004030093009B8022022301A910
:1031A000CDE90123059300F0CBFD06B010BD00BFB3
:1031B00000040040003802400008024010B58EB004
:1031C0001022002103A810F013FD00241C220DEB97
:1031D00002002146CDE9014410F00AFD1D481E4AB7
:1031E00084605323C0E9002344F61F63C0E903341D
:1031F000846104F06FF908B1FFF7B0FC4FF480531D
:103200001448039303A904F03FFB08B1FFF7A6FCA1
:10321000104804F08BF908B1FFF7A0FC00240D481A
:1032200001A9CDE9014404F0B9FC08B1FFF796FC0F
:10323000602308480994042207A9CDE907340B94B8
:1032400004F0FCF908B1FFF789FC0248FFF78CFF96
:103250000EB010BDD40A00200004004008B50A4892
:103260000A4A0B4BC0E9002300230C22C0E90233B9
:10327000C0E905230361C36104F05CFD18B1BDE83A
:103280000840FFF76BBC08BD240C00200010014073
:1032900060E3160070B5064688B01422002103A82A
:1032A00010F0A6FC3268314B9A425DD1002503F53F
:1032B000943301955A6C42F010025A645A6C02F031
:1032C00010020192019A02951A6B42F002021A63EF
:1032D0001B6B03F002030293029BC0200223CDE983
:1032E000030303240723224803A9CDE9064300F082
:1032F00027FD204CDFF888C04FF00063C4E900C30D
:1033000020464FF48063C4E90255C4E90435C4E99A
:103310000655C4E9085500F073F908B1FFF71EFC23
:10332000154AF463A663154C4FF00063C4E900230B
:10333000402100234FF480622046C4E90213C4E90F
:103340000423C4E90633C4E9083300F059F908B18D
:10335000FFF704FC0022B46325201146A66300F0A9
:10336000D3F8252000F002F908B070BD001001402C
:1033700000040240C40B0020B8640240640B00202B
:103380004064024002680D4B9A4210B5044613D1C6
:103390000B4A0C48536C23F010035364C02100F017
:1033A000A7FDE06B00F0AAF9A06B00F0A7F9BDE85B
:1033B0001040252000F0E8B810BD00BF001001400B
:1033C0000038024000040240DFF834D0FFF7EEFD81
:1033D0000C480D490D4A002302E0D458C450043370
:1033E000C4188C42F9D30A4A0A4C002301E0136046
:1033F0000432A242FBD310F0FBFCFFF74DFB7047F9
:1034000000000220000000208C030020888F0308A9
:1034100090030020B4880020FEE7000038B50E4B72
:103420001A784FF47A73B3FBF2F30C4A054610682E
:10343000B0FBF3F000F0BAF8044658B90F2D09D8E4
:10344000024629464FF0FF3000F05EF8044B20465C
:103450001D6038BD0120FCE74C0000204800002022
:103460005000002008B50B4B1A6842F400721A6035
:103470001A6842F480621A601A6842F480721A6014
:10348000032000F02FF80F20FFF7C8FFFFF7A4FC80
:10349000002008BD003C0240034A044B11681B7821
:1034A0000B441360704700BF6C0C00204C000020E0
:1034B000014B1868704700BF6C0C002038B50446FB
:1034C000FFF7F6FF631C1CBF054B1B78054618BFB2
:1034D000E418FFF7EDFF431BA342FAD338BD00BF4A
:1034E0004C0000200749CA6822F4E062030212047B
:1034F00003F4E063120C134343F0BF6343F400335F
:10350000CB60704700ED00E0164B30B5DC68C4F3CB
:103510000224C4F10703251D042B28BF0423062D14
:103520004FF0FF358CBF033C002405FA03F321EA7A
:103530000303A54022EA0502A340002843EA020350
:10354000ACBF00F16040084A4FEA0313B8BF00F077
:103550000F00DBB2AABF00F56140135480F80033BE
:1035600030BD00BF00ED00E014ED00E0002807DBF7
:10357000044A4109012300F01F00834042F8213032
:10358000704700BF00E100E000280CDB430906495A
:1035900000F01F0020330122824041F82320BFF3B6
:1035A0004F8FBFF36F8F704700E100E00138B0F13B
:1035B000807F0BD24FF0E023054A5861F02182F85A
:1035C00023100020072298611A617047012070477C
:1035D00000ED00E0036810B5084C0246D9B210397E
:1035E0001820B1FBF0F0205CD06523F47F7020F050
:1035F00003005F2988BF0430906510BDF088030880
:1036000070B50446FFF754FF0546002C60D0022336
:1036100084F835302268002384F83430136823F0AE
:103620000103136022681368D8072ED41368324848
:10363000A1691840D4E901352B43E5682B4325697E
:103640002B4365692B43E5690B432B43256A2B43C9
:103650000343606A042802BFD4E90B5635432B4369
:1036600013605369042823F0070343EA000335D1AC
:10367000A06AE56A03438DB391B9012820D030F0E8
:1036800002012BD1E90129D51DE0FFF711FF401BF5
:103690000528C7D920230320636584F8350070BD51
:1036A000B1F5005F16D1032818D801A151F820F018
:1036B000C736020885360208C7360208C136020836
:1036C000B5F1C07F0AD140236365012384F835300A
:1036D0000120E4E70228F6D90328D3D0536120461D
:1036E000FFF778FFE26D3F239340836000200123C2
:1036F000606584F83530D2E73F8010F038B5054674
:1037000020B390F83530022BDCB21DD003681A6864
:1037100022F0010200241A6021221C605C609C607F
:10372000DC601C615A61FFF755FFEA6D3F2393404F
:10373000C5E90F44C5E91144C5E9134483606C65CC
:1037400085F8344085F83540204638BD0124FBE734
:1037500070B590F83440866D012C30D0012480F88B
:10376000344090F83540012C4FF0000425D102255B
:1037700080F8355044650468256825F48025256067
:1037800063608368402B0EBFA260A160E260C26DDF
:1037900008BFE1603F239340B360236843F0160302
:1037A0002360036C1BB1236843F008032360236884
:1037B00043F001032360002070BD80F834400220F4
:1037C000FAE770B50446866DFFF772FE94F835305F
:1037D000022B054606D0802363650120002384F870
:1037E000343070BD23681A6822F016021A605A69D4
:1037F00022F080025A61226C0AB9A26C1AB11A68CE
:1038000022F008021A601A6822F001021A60236886
:10381000186810F0010007D1E26D3F239340B360B8
:10382000012384F83530D9E7FFF742FE401B052815
:10383000EDD920230320636584F83500CEE790F8A6
:103840003530022B03D08023436501207047026886
:10385000052380F83530136823F00103136000203E
:1038600070470000F7B5002301935C4B856D1F681E
:10387000C36D2E6808229A40324204460CD001687B
:103880000868400708D5086820F004000860AA60AE
:10389000626D42F00102626501229A40324208D014
:1038A00021684969090641BFAA60626D42F00202BF
:1038B000626504229A40324208D02168096888076C
:1038C00041BFAA60626D42F00402626510229A4014
:1038D000324210D02368196809070CD5AA601A680B
:1038E000500337D51B68190301D4236C00E0A36C87
:1038F0000BB120469847E16D20228A4032423AD0EF
:1039000023681868C60636D5AA6094F83520052ABB
:103910001A6827D122F016021A605A6922F0800232
:103920005A61226C0AB9A26C1AB11A6822F0080214
:103930001A603F238B40AB60012384F835300023AD
:1039400084F83430236D002B45D0204603B0BDE809
:10395000F04018471A68D2055EBF1A6822F00802C4
:103960001A60C2E7500327D51B68190331D4636C72
:103970000BB120469847636D6BB3636DDA0719D5B9
:1039800022684FF41653B7FBF3F7052384F835305C
:10399000136823F001031360019B0133BB420193C1
:1039A00002D81368DB07F7D4012384F835300023ED
:1039B00084F83430E36CC6E71A6812F4807208D1D8
:1039C000196821F010011960012384F8353084F85A
:1039D0003420E36BCCE703B0F0BD00BF480000200B
:1039E00090F835007047406D70470000094910B5E8
:1039F0000C6924F440740C610C6944F440740C614B
:103A00000C6944F001040C610260BFF36F8F4360E6
:103A100010BD00BF003C0240074B1A6922F44072FF
:103A20001A611A6942F400721A611A6942F00102BD
:103A30001A610160704700BF003C0240074B1A69E1
:103A400022F440721A611A6942F480721A611A698A
:103A500042F001021A610180704700BF003C024041
:103A60001A4BDA68D20606D51949CA6942F0100223
:103A7000CA611022DA60DA68900606D51449CA696C
:103A800042F00802CA612022DA60104BDA6851065F
:103A900006D50F49CA6942F00402CA614022DA60C1
:103AA000DA68120606D50A49CA6942F00202CA61FA
:103AB0008022DA60054AD3689B0706D50449CB69A2
:103AC00043F02003CB610223D3607047003C0240E7
:103AD000700C0020064B1A69002ABFBF054A5A60C5
:103AE00002F188325A60BABF1869C00F00207047CF
:103AF000003C024023016745034A136943F0004339
:103B000013610020704700BF003C0240114B70B5AC
:103B100000220446DA61FFF7CBFC0F4D0646EB6846
:103B2000DA030CD4EB68DB0744BF0123EB60E868E1
:103B300010F0F20007D0FFF793FF012003E0611CB3
:103B4000EDD00CB9032070BDFFF7B2FC801BA04282
:103B5000E5D9F7E7700C0020003C02402DE9F04168
:103B60001F4E9846337E012B07460D46144635D02E
:103B700001234CF250303376FFF7C8FFB0B9CFB90C
:103B8000184B1A6922F440721A611A691A611A698B
:103B9000E4B242F001021A612C704CF25030FFF78F
:103BA000B5FF104A136923F0010313610023337634
:103BB000BDE8F081012F04D1A1B22846FFF73EFFF6
:103BC000EBE7022F04D121462846FFF725FFE4E763
:103BD000224643462846FFF709FFDEE70220E7E7D3
:103BE000700C0020003C0240074B1A6922F440721E
:103BF0001A611A6942F004021A611A6942EA002243
:103C000042F480321A617047003C02400D4B1A6941
:103C100022F440721A611A69022994BF09024FF412
:103C200040710A431A611A6922F0F8021A611A698E
:103C300042EAC00040F0020018611A6942F4803282
:103C40001A617047003C0240144B1A6891050FD569
:103C50001A6822F400721A601A6842F400621A604C
:103C60001A6822F400621A601A6842F400721A603C
:103C70000A4B1A6852050FD51A6822F480621A603E
:103C80001A6842F480521A601A6822F480521A604C
:103C90001A6842F480621A60704700BF003C02401C
:103CA0002DE9F843DFF8948098F81830012B054689
:103CB0000F463FD001234CF2503088F81830FFF700
:103CC00025FF0446A0B94FF0FF333B602B68012B62
:103CD00014D1287CFFF788FF4CF25030FFF716FF15
:103CE000154A136923F0040304461361FFF7ACFF80
:103CF000002388F818302046BDE8F883AE68DFF866
:103D00003890D5E902231344B342EFD9297C3046D9
:103D1000FFF77CFF4CF25030FFF7F8FED9F8103077
:103D200023F0FA03C9F8103010B13E600446DDE715
:103D30000136E6E70224DEE7003C0240700C00207A
:103D40002DE9F74FDFF8A491664A00230D6801249E
:103D50009C4004EA0506AC4340F0AF804D68032761
:103D600005F003044FEA430807FA08FC671E012F19
:103D70006FEA0C0C34D8876807EA0C0ECF6807FA94
:103D800008F747EA0E078760476827EA060EC5F37B
:103D900000179F4047EA0E074760C76807EA0C0E06
:103DA0008F6807FA08F747EA0E07022CC76019D197
:103DB0004FEAD30A00EB8A0A03F0070BDAF8207007
:103DC0004FEA8B0B4FF00F0E0EFA0BFE27EA0E0E8A
:103DD0000F6907FA0BF747EA0E07CAF8207001E0EF
:103DE000032CDAD1076804FA08F407EA0C073C430D
:103DF00015F4403F046060D000240194D9F8444099
:103E000044F48044C9F84440D9F8444023F00307FF
:103E100007F1804704F4804407F59C37019403F0D0
:103E2000030C019CD7F808E04FEA8C0C0F2404FA2D
:103E30000CF42EEA040E2C4CA04245D004F580640C
:103E4000A04243D004F58064A04241D004F58064D0
:103E5000A0423FD004F58064A0423DD004F58064C8
:103E6000A0423BD004F58064A04239D004F58064C0
:103E7000A04214BF0824072404FA0CF444EA0E04F8
:103E8000BC609468F74315F4801F0CBF3C4034437A
:103E90009460D46815F4001F0CBF3C403443D460D8
:103EA000546815F4003F0CBF3C4034435460146820
:103EB000ED0354BF3C40344314600133102B7FF4B6
:103EC00045AF03B0BDE8F08F0024D5E70124D3E768
:103ED0000224D1E70324CFE70424CDE70524CBE770
:103EE0000624C9E7003C01400000024000380240BF
:103EF0002DE9F04F434C00224FF0010A4FF00F081C
:103F00004FF0030B0AFA02FC3CEA01030CEA01063B
:103F100064D122F0030505F1804505F59C3502F0DA
:103F20000307AB68BF0008FA07F909EA030E364B2E
:103F3000984258D003F58063984256D003F58063C9
:103F4000984254D003F58063984252D003F58063C1
:103F5000984250D003F5806398424ED003F58063B9
:103F600098424CD003F58063984214BF082307237E
:103F7000BB40734513D1236823EA060323606368BB
:103F800023EA06036360E36823EA0603E360A368A9
:103F900023EA0603A360AB6823EA0903AB60056864
:103FA00053000BFA03F3D60825EA030500EB860657
:103FB000056002F00705376AAD0008FA05F527EA43
:103FC00005073762C56825EA0305C560456825EA27
:103FD0000C054560856825EA030383600132102AD9
:103FE00090D1BDE8F08F0023C2E70123C0E7022390
:103FF000BEE70323BCE70423BAE70523B8E706239B
:10400000B6E700BF003C01400000024003691942CE
:1040100014BF0120002070470AB181617047090474
:10402000FBE7436901EA030221EA030141EA024195
:1040300081617047044A5169014208B502D050615C
:1040400007F0D8FA08BD00BF003C014001684B6989
:1040500013F480634FF0000210D06FF480634B6163
:104060002023026380F83D3080F83E20036C80F806
:104070003C2043F004030364012070471846704756
:104080002DE9F84606460F4691461D464FEA114A6D
:104090003368BAF1010F0CBF5C699C6927EA04041C
:1040A000A4B2B4FA84F46409A14501D0002025E04B
:1040B0006A1CEED0FFF7FCF9089BC01AA84201D891
:1040C000002DE5D13368BAF1010F0CBF5B699B6924
:1040D00027EA03039BB2B3FA83F35B099945D7D16F
:1040E00000232022336386F83D2086F83E30326C70
:1040F00086F83C3042F0200232640120BDE8F886A8
:104100002DE9F04104460F46164698462568686931
:1041100027EA000080B2C0B16B695A0517D52B6839
:1041200043F400732B606FF480636B6120220023E3
:10413000236384F83D2084F83E30236C43F004036D
:104140002364002384F83C300120BDE8F081731C17
:10415000DDD0FFF7ADF9A0EB0800B04201D8002E8A
:10416000D4D123685A6927EA020292B2002ACDD03C
:1041700000232022236384F83D2084F83E30236C02
:104180001343DDE770B504460D46164623685B69A8
:104190001B0601D500201EE02046FFF757FFC8B9D7
:1041A0006A1CF3D0FFF784F9801BA84201D8002DC8
:1041B000ECD123685B6913F08003E7D120222363ED
:1041C00084F83D2084F83E30226C84F83C3042F084
:1041D00020022264012070BD2DE9F04315460268DB
:1041E00085B0DDE90C789946136843F48073136059
:1041F0000E463B46CDF8008000224FF001110446E8
:10420000FFF73EFF236838B11B68DB0502D54FF48A
:1042100000732364032620E006F0FE061E611A499F
:1042200043463A462046FFF76BFFA8B92368039040
:104230005A6903929B690393424639462046039B81
:10424000FFF7A0FF064660B1236C042B01BF226874
:10425000136843F4007313600126304605B0BDE8CF
:10426000F083B9F1010F236802D1EDB21D61F4E7CB
:104270002A0A1A61394642462046FFF783FF002882
:10428000E2D12368F1E700BF020001002DE9FF47FA
:104290009A46036815461A6842F480621A601A68E2
:1042A000DDE90C7842F480721A600E463B46CDF888
:1042B000008000224FF001110446FFF7E1FE236861
:1042C00038B11B68DB0544BF4FF40073236403203F
:1042D00021E05FFA86F906F0FE061E612B4943468F
:1042E0003A462046FFF70CFFA0B9236803905A69AD
:1042F00003929B690393424639462046039BFFF78E
:1043000041FF58B1236C042B01BF2268136843F4AA
:1043100000731360012004B0BDE8F087BAF1010F0B
:1043200023681AD1EDB242461D6139462046FFF797
:1043300029FF02460028E5D121680B6843F4807309
:104340000B602046CDF800803B464FF00111FFF78F
:1043500097FE226860B11368B4E72A0A1A613946E9
:1043600042462046FFF70EFF0028CBD12368D9E74D
:1043700049F001031361054943463A462046FFF7D9
:10438000BFFE003818BF0120C5E700BF02000100D2
:1043900070B504460D46164623685B695B0701D578
:1043A00000201EE02046FFF751FEC8B96A1CF3D07A
:1043B000FFF77EF8801BA84201D8002DECD12368BE
:1043C0005B6913F00403E7D12022236384F83D20C6
:1043D00084F83E30226C84F83C3042F020022264A3
:1043E000012070BD70B504460D46164621684B6924
:1043F00013F0400301D0002011E04A69D2060FD526
:104400006FF010024A612022236384F83D2084F873
:104410003E30236C2364002384F83C30012070BDBF
:10442000FFF746F8801BA84201D8002DDED1236893
:104430005B6913F04003D9D12022236384F83D2027
:1044400084F83E30236C1343E4E7000070B5044663
:1044500008B9012070BD90F83D3003F0FF021BB990
:1044600080F83C20FEF70AFA242384F83D302368C4
:104470001A6822F001021A601A6842F400421A60B7
:104480001A6822F400421A6002F014F93F4B656882
:104490009D4294BF3E4B3F4B98428CBF002301236B
:1044A000002BD6D12268394E51683B4BB0FBF3F359
:1044B00021F03F011943B542516088BF4FF4967611
:1044C000116A88BF734321F03F0184BF4FF47A76AD
:1044D000B3FBF6F301330B431362D169431E2B4840
:1044E00021F44F41854221F0FF0132D86D0040F6A2
:1044F000FC70B3FBF5F30133034242D0C3F30B036B
:104500001943D161D4E907301168034321F0C00198
:104510000B4313609168D4E9030321F4034103437F
:1045200021F0FF010B439360D4E90530D1680343C8
:1045300021F0FF010B43D360136843F001031360C4
:1045400000202023206484F83D30206384F83E005E
:1045500080E7A06850B905EB4505B3FBF5F30133DF
:10456000C3F30B037BB143F40043C9E7192068434D
:10457000B3FBF0F30133C3F30B0323B143F4404324
:10458000BEE70423BCE70123BAE700BFA086010011
:104590007F841E00FF083D0040420F0010B5044616
:1045A00098B10268242380F83D30136823F001039A
:1045B0001360FEF7E3F90020206484F83C0084F8DF
:1045C0003D00206384F83E0010BD0120FCE70000A0
:1045D0002DE9F743044699460C9E0F469046FEF798
:1045E00067FF94F83D30202B054603D0022003B02E
:1045F000BDE8F08300903C49192301222046FFF7D3
:104600003FFD0028F2D194F83C30012BEED0206819
:10461000012384F83C300368D9075EBF036843F088
:1046200001030360036823F400630360212384F81B
:104630003D30402384F83E30002323640A9B6362AC
:10464000BDF82C306385638D2385284BE362424699
:10465000CDE900654B4639462046FFF7BDFD0028F1
:104660002AD00120C3E7FFF78DFD40B1236C042B56
:1046700001BF2268136843F400731360F1E7636AB3
:1046800027681A4612F8011B39616262628D218D1A
:10469000013A92B262857A69481E80B2520720853B
:1046A0000AD548B15A783A6102336362638D013B9F
:1046B00002399BB221856385238D2A4631462046E7
:1046C000002BD0D1FFF764FE0028CFD122681368F9
:1046D00043F400731360202384F83D3084F83C00D9
:1046E00084F83E0083E700BF020010000000FFFFD7
:1046F0002DE9F043044687B09946109F0D46904639
:10470000FEF7D6FE94F83D30202B064604D0022555
:10471000284607B0BDE8F08300907A4919230122AA
:104720002046FFF7ADFC0028F1D194F83C30012B76
:10473000EDD02068012384F83C300368DB075EBFBE
:10474000036843F001030360036823F4006303601C
:10475000222384F83D30402384F83E300023236434
:104760000E9B6362BDF83C306385638D2385664B89
:10477000E3622946CDE900764B4642462046FFF7E4
:1047800085FD054608B10125C2E7228D2368B2B92F
:1047900002905A6902929A690292029A1A6842F445
:1047A00000721A60DFF86481238D002B2CD1202247
:1047B00084F83D2084F83C3084F83E30A8E7012A94
:1047C0000AD11A6822F480621A6003905A6903922F
:1047D0009A690392039AE1E7022A0ED11A6822F439
:1047E00080621A601A6842F400621A6004905A6982
:1047F00004929B690493049BD4E705905A6905923F
:104800009B690593059BCDE7032B56D8012B15D14A
:10481000324639462046FFF7E5FD0028B3D123682C
:104820001A69636A1A70636A01336362238D013BFC
:104830002385638D013B9BB26385B5E7022B009610
:104840003B464FF000024146204619D1FFF718FCC5
:10485000002898D123681A6842F400721A601A6915
:10486000636A1A70626A531C6362238D013B23855D
:10487000638D013B9BB2638523681B695370D2E74C
:10488000FFF7FEFB024600287FF47DAF236819681E
:1048900021F4806119601969636A1970636A0133D0
:1048A0006362238D013B2385638D013B9BB263854E
:1048B000414600963B462046C8E7324639462046E8
:1048C000FFF790FD00287FF45EAF23681A69636AE2
:1048D0001A70628D616A013A92B24B1C628522683D
:1048E0006362238D5069013B9BB2400723857FF5AE
:1048F0005BAF032B02BF136823F48063136013695B
:104900004B7090E7020010000000FFFF0400010060
:104910002DE9F04F044685B01F4688469246FEF7C3
:10492000C7FD94F83D30202B054603D0022005B08A
:10493000BDE8F08F00904D49192301222046FFF772
:104940009FFB0028F2D194F83C30012BEED00123DC
:1049500084F83C302368DFF814B11A68D0075EBFD2
:104960001A6842F001021A601A6822F400621A60A2
:10497000242384F83D3000263D4B266408F0FE08D1
:10498000E3622268136843F4807313604FF00111EF
:104990003B46009500222046FFF772FB236838B1A2
:1049A0001B68D90544BF4FF4007323640320BEE79E
:1049B000C3F81080FEF77CFD23685A695B690546E1
:1049C000C2F34002C3F380234FF0A00994F83D10D6
:1049D000A0291CD123684FF0200984F83D905A6922
:1049E00092072BD51A68214942F400721A600022FE
:1049F00003925A6903929B690393039B00951923C1
:104A000001222046FFF73CFB98B101208FE71343BA
:104A1000E0D1FEF74DFD401BB84200D80FB984F835
:104A20003D9023685A695B69C2F34002C3F3802357
:104A3000CCE784F83D9084F83C0078E71A6842F4AB
:104A400000721A606FF480625A615946009519230A
:104A500001222046FFF714FB0028D6D10136564527
:104A60008FD384F83D9084F83C00CEE7020010001C
:104A70000000FFFF704770477047704770477047EE
:104A8000704790F83D2008B5036DD2B283B9C36C6E
:104A90000268012B836C05D1DBB21361036D023315
:104AA000036508BDC3F307231361036D0133F7E703
:104AB000036D012B03D1836C0268DBB2F4E7036D55
:104AC000022B2FD1222A05D10268136843F4807388
:104AD0001360EAE7438D9BB263B1212A0AD1436A8E
:104AE000026813F8011B11614362438D013B9BB2C5
:104AF0004385D6E7438D9BB2002BD2D1212AD0D15A
:104B00000268516821F4E0615160116841F400715C
:104B100011602022036380F83D2080F83E30FFF7CB
:104B2000AFFFBEE703685A69120644BF00221A614C
:104B3000B7E770477047704737B5002301932D4B97
:104B4000806B1B6890F83D2046F2A811B3FBF1F38F
:104B500023214B4301930368D2B2019941BB016CFD
:104B600041F020010164446B0CB10021E163816BD1
:104B700009B10025CD631D6825F480651D60002501
:104B8000458504B1256501B10D65196821F0010164
:104B9000196090F83D10602911D1202380F83D3034
:104BA000002380F83E300364FFF7C5FF03B030BD3B
:104BB00001990139019119688905CED4D3E702F032
:104BC0002802282A0ED1196841F0010119601968DC
:104BD00041F4806119600023036380F83D20FFF7F2
:104BE000A9FFE3E7202380F83D30002380F83E3022
:104BF000F5E700BF4800002010B590F83D2090F880
:104C00003E30102BD9B204460368D2B201D04029FD
:104C100013D1222A11D1196821F400611960596851
:104C200011F4006106D1602A1EBF202284F83D20C5
:104C300084F83E100022226307E002F028012829B0
:104C4000EDD10022226384F83D105A6812F400620C
:104C50004FD05A68606B22F400625A6090F8353089
:104C6000012B374B2BD00365FEF7E9FD50B12268CD
:104C7000606B136823F001031360202384F83D3038
:104C8000036D9847236C19071FBF2268536823F4EC
:104C9000E063536094F83D30226C5207DBB20DD5CF
:104CA000282B0BD1274BE3622022002323632046CD
:104CB00084F83D2084F83E30FFF7E1FE10BDA06B84
:104CC0000365FEF7BCFD0028DCD023685A69510655
:104CD00005D51A69636A1A70636A013363622268D0
:104CE000A06B136823F001031360202384F83D3088
:104CF000C6E794F83D10602915D1202184F83D10B5
:104D000022645A69520605D51A69636A1A70636A81
:104D1000013363622268136823F0010313602046A5
:104D2000FFF709FFAEE75A69500605D51A69636AAD
:104D30001A70636A013363622046FFF7FBFEA1E746
:104D4000394B02080000FFFFF0B5036804465A68BB
:104D5000C66A90F83E0094F83D1010288FB0C5B296
:104D6000C9B202D0402D40F0DD829F69586910F031
:104D7000010F07D1B6F52A0F02D0B6F12A4F51D153
:104D80000FB0F0BD96054DD5E26AB2F52A0F0CD1F1
:104D90000122E26294F83E20402A11D1226D52B9DC
:104DA000626C02F0FE021A61EAE7E26AB2F12A4F8F
:104DB000F0D10822EDE7626C42F00102D2B2F2E7D4
:104DC0002269B2F5804F1AD194F83D20212A626CF5
:104DD00011D102F0FE021A61626B0AB1D26B2AB9DC
:104DE000A26B002ACCD0D26B002AC9D05A6842F4F8
:104DF00000625A60C4E742F00102D2B2EBE7226DD2
:104E000032B9626CD21102F0060242F0F002CAE737
:104E1000226D012AB4D1626CD21102F0060242F076
:104E2000F102C0E7060703D5960501D5626CE4E7F9
:104E3000860740F1E880960540F1E58094F83E1041
:104E4000E26A256B94F83D002228C9B240F0D38075
:104E5000206D40B9402906D101905A6901929B69A1
:104E60000193019B8CE7216D89B92069B0F5404F12
:104E70000DD102915A6902929A690292029A1A68B5
:104E800042F480721A60236D0133236578E7618DE7
:104E900089B251B903915A6903929A690392039AAC
:104EA0001A6842F400721A6019E0618D89B2012912
:104EB00049D112F5803F1BD11A6822F480621A6032
:104EC0005A6812F400620CD01A6822F480621A60E8
:104ED000002204925A6904929B690493049B002364
:104EE000D3E705925A6905929A690592059AD7E720
:104EF000082A1CD0202A1AD0122D0DD1012A16D131
:104F00001A6822F480621A60002206925A69069298
:104F10009B690693069BE2E7102AF1D8824941FA81
:104F200002F2D707ECD41A6842F48062EBE71A6801
:104F300022F480621A60002207925A6907929A69E5
:104F40000792079AACE7618D89B2022930D1102A05
:104F500003D87649D140CE0715D4196821F4806171
:104F60001960196841F40061196059680D0514D57C
:104F7000202A1AD8072A0AD8012A0ED15A6842F4E0
:104F800080525A6009E0196841F48061ECE7A2F1AF
:104F90000801674ACA40D007F0D4002208925A6933
:104FA00008929B690893089B99E712F5803FE4E714
:104FB000196841F4806119605968090510D5202AE3
:104FC00016D8072A06D8012A0AD15A6842F4805214
:104FD0005A6005E0A2F10801554ACA40D207F4D44C
:104FE000002209925A6909929B690993099B76E705
:104FF00012F5803FE8E700220A925A690A929B69FB
:105000000A930A9BBCE67F0740F194805E683605F0
:105010003FF5B6AE070600F004063ED550053CD578
:10502000002E3DD194F83D20258D94F83E10E06A85
:10503000D2B2C9B2C5B9212A18D1082858D020281F
:1050400056D010F5803F53D05A6822F4E0625A607F
:1050500011232363002384F83E30202384F83D305D
:105060002046FFF707FD8BE6212A05D040297FF473
:1050700087AE222A7FF484AE628D92B21AB95A6842
:1050800022F48062B5E694F83E20402A16D12046EC
:105090000FB0BDE8F040FFF7F4BC002E3FF470AE57
:1050A00097057FF56DAE212939D1E16A94F83D204D
:1050B000212A7FF465AE628D92B24AB1626A12F81B
:1050C000011B19616262638D013B9BB2638557E6E8
:1050D00008290DD020290BD011F5803F08D0596840
:1050E00021F4E06159601123236384F83E20B4E782
:1050F0005A6822F4E0625A601A6842F400721A6038
:1051000000232022236384F83D2094F83E2084F875
:105110003E30402A2046A4D1FFF7B2FC30E6402DB5
:105120007FF42EAEB3E700BFEBFFFEFF14000100DB
:105130000101000159680E053FF522AE450600F059
:10514000040140F18680500540F18380002940F041
:10515000838094F83D20222A7FF412AEE06A628DAB
:1051600092B2032A14D91A69636A1A70636A013306
:105170006362638D013B9BB26385638D9BB2032B9E
:105180007FF4FEAD2268536823F480635360F7E533
:10519000E56A022D3FF473AF012A3FF670AF7A4AF9
:1051A0000B91126846F2A811B2FBF1F202EB8202F7
:1051B0000B920B9A013A0B920B99D1B9226C42F0E7
:1051C000200222645A6822F4E0625A601A69636A13
:1051D0001A70636A01336362638D013B9BB263851E
:1051E000202384F83D30204684F83E10FFF7A2FCCF
:1051F000C6E51A6812F40072DBD1196821F48061E7
:105200001960596821F4E06159601969636A19707D
:10521000636A01336362638D013B9BB26385202324
:1052200084F83D3094F83E3084F83E20402B04D181
:1052300022632046FFF77DFCA2E5082801D0202844
:1052400001D1002300E0122323632046FFF713FC63
:1052500096E500293FF494AD92057FF591ADE26AA1
:10526000608D616A80B2042809D15A6822F4806294
:105270005A601B690B70636A0133636223E7608DB8
:1052800080B203280CD15868042A20F4806058604A
:10529000EFD0022AEDD01A6822F480621A60E8E7A3
:1052A000608D80B20228E4D1042A33D007D8012AC5
:1052B00007D0022A2ED0186840F4007004E0102AAB
:1052C000F9D1186820F4806018601B690B70616A5E
:1052D0004B1C6362638D013B9BB2638523681B6932
:1052E0004B70636A216801336362638D013B9BB23B
:1052F00063854B6823F440734B60202384F83D3072
:1053000094F83E30402B4FF0000384F83E3005D136
:1053100023638EE7186840F48060D5E7082A90D0B0
:10532000202A8DE7206C10B35869002587072DD5FA
:1053300096052BD5226C02B19D6994F83D2002F0B0
:105340002802282A16D15A6822F480625A602F0651
:1053500085F004014FF0000354BFA289228B84F82A
:105360003C30C1F380012046FFF788FB08E59D69CA
:105370005869DBE700220C9259690C919B690C93E8
:105380000C9B84F83C20FBE448000020C60640F15A
:10539000B180950540F1AE8094F83D505A6822F4F2
:1053A000E0625A6000220D925A690D921A6842F02A
:1053B00001021A600D9A1A6822F480621A605A6813
:1053C0001005EDB220D505F0F702222A4AD1A06BD4
:1053D0000268526892B26285628D92B21AB1226CF2
:1053E00042F0040222645A6822F400625A60FEF716
:1053F000F7FA012808D0A06B794B0365FEF71FFA76
:1054000010B1A06B036D9847638D9BB213B32368F3
:105410005A69510709D51A69636A1A70636A0133B8
:105420006362638D013B9BB2638523685A695206B0
:1054300009D51A69636A1A70636A01336362638DFE
:10544000013B9BB26385638D9BB21BB1236C43F020
:1054500004032364236C13B320460FB0BDE8F0406F
:10546000FFF7CABB606B0268526892B26285628DB8
:1054700092B21AB1226C42F0040222645A6822F4F9
:1054800000625A60FEF7ACFA0128BDD0606B544B45
:105490000365FEF7D4F90028B6D0606BB2E72A2D79
:1054A00006D12363282384F83D302046FFF7E5FA30
:1054B00094F83D30282B0CD14A4BE3622022002384
:1054C0002363204684F83D2084F83E30FFF7D7FA66
:1054D00056E4236B222B02D0222D7FF451AC002303
:1054E0002022236384F83D2084F83E302046FFF7D5
:1054F000C4FA45E401F0F701212900F0040535D193
:10550000070627D5560525D53DBB94F83D00628D8D
:1055100092B2C0B2002A3FF433AC626A12F8015B67
:105520001D616262628D013A92B26285628D92B2B1
:10553000002A7FF425AC29287FF422AC5A6822F493
:1055400080625A6028232163204684F83D30FFF7AB
:1055500093FA15E4002D3FF413AC95057FF510ACDC
:10556000628D92B2002A3FF40BACA7E5400627D526
:10557000510525D53DBB94F83D20618D89B2D2B24D
:1055800000293FF4FDAB1969636A1970636A01333E
:105590006362638D013B9BB26385638D9BB2002B7D
:1055A0007FF4EEAB2A2A7FF4EBAB2268536823F436
:1055B0008063536022232363282384F83D3095E7DA
:1055C000002D3FF4DDAB92057FF5DAAB628D92B230
:1055D000002A3FF4D5AB1A69636A1A704BE600BF24
:1055E000394B02080000FFFFF8B503685F695E6889
:1055F00090F83E2017F480750446D2B206D016F417
:1056000080751EBF6FF4807159610125B80506D5FC
:10561000F10542BF6FF4007145F00205596178054C
:1056200036D5F10534D5608D94F83D10D4F830C0EE
:10563000202A80B2C9B25FD100285DD101F0F70005
:10564000212804D0282957D1BCF1210F54D194F836
:105650003D20E16A0829D2B201D020292AD1282A86
:1056600028D12E4AE2625A6822F4E0625A606FF44E
:1056700080625A611A6822F480621A600023202234
:105680002363204684F83D2084F83E30FFF7F7F985
:105690003A053FD5F3053DD523686FF4006245F028
:1056A00008055A61236C2B4323642046BDE8F8406B
:1056B000FFF7A2BA212A1BD11849E1622263002117
:1056C000202284F83D2084F83E105A6822F4E062DB
:1056D0005A606FF480625A611A6822F480621A601C
:1056E0005A69100648BF19612046FFF7C5F9CFE790
:1056F0006FF480625A61CBE76FF48061102A5961C0
:1057000045F0040501D0402AC2D11A6842F4007263
:105710001A60BDE7002DC5D1F8BD00BF0000FFFF36
:10572000006C7047F7B5044610B390F895340568DF
:1057300003F0FF021BB980F894240CF04BF803230C
:10574000B5F1A04F84F8953404BF0023A3712068FD
:1057500002F07CFF237C8DF80030251D95E80E00BB
:10576000206802F0B9FE014630B1022384F8953476
:105770000125284603B0F0BD206802F06DFF002827
:10578000F3D1267904F1140301270246C1B28E42F7
:1057900003F124031BD8002104F515730A46C8B28F
:1057A000864203F1240320D8237C8DF8003095E84D
:1057B0000E00206802F0CCFF05460028D5D1012359
:1057C0006074206884F8953403F006FBD1E723F871
:1057D0000A0C43E9072203F8237C03F8241C03F88E
:1057E000202C43F8142C0130D0E743E9072203F8BA
:1057F000232C03F8240C03F8202C43F8142C01313B
:10580000CDE710B50446006894F89434012B15D008
:10581000012384F89434C3685B0606D5637B012BAF
:1058200002BF836B43F48033836302F009FF206877
:1058300003F0C4FA002084F8940410BD0220FCE7B1
:1058400010B590F89424012A04460AD0012280F869
:1058500094244174006803F0A1FA002084F89404B1
:1058600010BD0220FCE770B501F00F0606EBC60480
:1058700011F0800F05464FEA84044FF0240020D039
:1058800000FB065004F11401012429444475C2F3BD
:105890000A028A604A780E700B7102B14E83022BA5
:1058A00004BF00234B7195F89434012B12D00123CF
:1058B000286885F8943403F010F8002085F89404E3
:1058C00070BD00FB065004F515710024294480F8D2
:1058D0005542DCE70220F3E710B5044601F00F0063
:1058E00000EBC00311F0800F4FEA83034FF0240256
:1058F00015D002FB004203F114010123214453752A
:10590000087094F89434012B12D00123206884F895
:10591000943403F021F8002084F8940410BD02FBB5
:10592000004203F515710023214482F85532E7E760
:105930000220F3E770B501F00F05242404FB0501F4
:1059400004FB0504C4E998230023C4F8683284F8F2
:10595000553284F85452164682790068012A01F5BE
:10596000157108BFC4F8706203F0A2F8002070BD82
:1059700001F00F01242303FB0100D0F868027047F7
:1059800070B501F00F05242404FB050104FB050498
:10599000C4E908230023A362012363752575164615
:1059A000827900689A4201F1140108BF266303F06E
:1059B0007FF8002070BD38B5037901F00F05AB42C8
:1059C00004462BD311F0800F4FF024001DD000FBB4
:1059D000054100FB054001231431437501238B7001
:1059E0000D7094F894249A421AD0206884F8943464
:1059F00003F080F92DB9A179206804F29C4203F0EC
:105A000039FA002084F8940438BD00FB01431A469B
:105A100003F51571002382F85532DFE70120F3E723
:105A20000220F1E738B5037901F00F0293420446F2
:105A300029D302EBC20311F0800F4FEA83034FF02A
:105A4000240017D000FB024003F11401012321447C
:105A5000437500258D700A7094F89434012B14D08E
:105A60000123206884F8943403F06FF984F8945487
:105A7000284638BD00FB024003F515710023214480
:105A800080F85532E5E70120F3E70220F1E701F065
:105A90000F0303EBC3030A064FEA83034CBF03F172
:105AA000140103F515710144006802F0ABBF00005A
:105AB0002DE9F04F066889B00446304603F0C8F976
:105AC0000390002840F05881206803F093F90028E3
:105AD00000F05281D6F808382068C3F30D23C4F8CB
:105AE000D43403F087F9870748BF2268206842BF93
:105AF000536903F00203536103F07CF9C00606F515
:105B000000652DD52268936923F010039361D6F8C0
:105B1000208008F4F013B3F5802F08F00F0740F051
:105B20002E8147F6F07318EA030F14D0242303FBE9
:105B30000747C8F30A19D7F860124A46304603F0FF
:105B4000B9F8D7F860324B44C7F86032D7F86832FA
:105B50004B44C7F868322268936943F0100393619D
:105B6000206803F047F9010300F11C81206803F06D
:105B700041F942030DD5206803F048F92746049007
:105B800006F5106B4FF0000A049B2068002B40F0D4
:105B9000D381206803F02EF9002813DA6B6823F014
:105BA00001036B6094F8CC34012B40F06B82002130
:105BB00084F8CC14204600F0FFFA2268536903F001
:105BC00000435361206803F015F901050AD5AB685D
:105BD000DA0702D520460BF06DFE2268536903F404
:105BE00000635361206803F005F9C30433D56B6883
:105BF000206823F001036B60102102F05DFD207925
:105C000006F510634FF67F31039A904200F23E8210
:105C1000EB6943F00113EB61E37B002B00F0528250
:105C2000D5F8843043F00B03C5F884306B6C43F037
:105C30000B036B64D6F80038206823F4FE63C6F8C3
:105C4000003804F29C42A17903F014F922685369E8
:105C500003F480535361206803F0CCF8870416D511
:105C6000206803F0F9F8206802F02CFEE071276844
:105C700000F01AFDE2790146384602F071FC204638
:105C80000BF005FE2268536903F40053536120684A
:105C900003F0B0F8000707D520460BF0F4FD2268AA
:105CA000536903F008035361206803F0A3F8010669
:105CB00000F11382206803F09DF8C2020CD5A046C3
:105CC00006F5126901272379BB4200F21F82226880
:105CD000536903F480135361206803F08BF8830247
:105CE0002DD594F804E0234606F5326001218E4557
:105CF00020D993F87CC20268BCF1010F40F01C82ED
:105D0000002A80F21982D4F8D47402F4803207F0A9
:105D10000107BA4240F0108283F87BC2B26942F0B8
:105D20008002B2617269170600F106826B6843F463
:105D300000736B602268536903F400135361206899
:105D400003F058F8410007D520460BF0D7FD226834
:105D5000536903F080435361206803F04BF8420716
:105D60000AD523685D686B0702D520460BF0CAFD93
:105D7000226853682B43536009B0BDE8F08FB3F538
:105D8000402F7FF4E8AE082204F29C41304602F036
:105D900091FF242303FB0747C8F30A18D7F868329A
:105DA0004344D6E6206803F029F806F530680490ED
:105DB000A2460027049B2068002B3FF4D7AE049B2B
:105DC000DB0778D55FFA87FB594603F027F810F018
:105DD000010F81461FD020680123C8F8083094F8CD
:105DE00006C0016C00F5306303EB4713BCF1010FF3
:105DF0009A6840F08B8012F0080F07D0AF488142BC
:105E000009D9120407D54FF4004203E012F0200F25
:105E10005AD020229A6019F0080F21D00823C8F820
:105E200008302368A5491A6C03F5306303EB471368
:105E30008A42986804D9010444BF4FF40040986036
:105E4000204605920BF008FD059A9C498A4207D925
:105E5000A179012904D1206804F29C4203F00AF8D8
:105E600019F0100F1CBF1023C8F8083019F0020FEA
:105E700014D073691A0642BF6B6843F480636B6089
:105E80009AF85732012B06D100238AF85732594627
:105E900020460BF02BFD0223C8F8083019F0200F24
:105EA0001CBF2023C8F8083019F4005F1CBF4FF452
:105EB0000053C8F80830049B5B080137049308F1CD
:105EC00020080AF1240A75E7DFF8F0C1614501D91D
:105ED000120498D41A69DAF87432C2F312029B1AC7
:105EE000CAF868326FB9D4F864222AB904F29C4225
:105EF000012102F0BFFF04E0D4F860221A44C4F884
:105F00006022594620460BF0ADFC84E7DFF8B0C1B3
:105F1000614507D111043FF576AF9006F1D52022F7
:105F20009A60EEE7002FECD1D4F86432002BE8D170
:105F300004F29C423946DCE7049BDB0740F1998080
:105F40005FFA8AF31946059302F071FF10F0010F12
:105F500080461FD06B6B01210AF00F0201FA02F29A
:105F600023EA02036B63CBF80810A17901290DD154
:105F7000D7E9072313443B62BAF1000F06D1636AE5
:105F800023B9206804F29C4202F074FF0599204670
:105F90000BF071FC18F0080F1CBF0823CBF8083079
:105FA00018F0100F1CBF1023CBF8083018F0400F6A
:105FB0001CBF4023CBF8083018F0020F0FD0514619
:105FC000304602F079FBFB7D012B05D100230599BA
:105FD000FB7520460BF08EFC0223CBF808302368BB
:105FE000069318F0800F44D0D7E909329A4240D87E
:105FF000A3EB0208FB69984528BF9846069B03F56A
:10600000106308F1030803EB4A134FEA980807935B
:10601000079B996989B24145D7E9093227D3934251
:106020000BD8069B0AF00F00D3F8342801218140D9
:1060300022EA0102C3F834281BE0A3EB0209FB6942
:10604000059A0698994528BF9946A3790093396A1D
:106050001FFA89F302F018FD3B6A4B443B62BB6AAE
:1060600009F103084B444FEA9808BB62D0E793421A
:10607000D7D9049B5B080AF1010A049324370BF17A
:10608000200B81E520460BF02DFC96E599601A68FF
:1060900022F400121A60C3F80812D3F8002222F486
:1060A0000012C3F80022D3F8002242F00062C3F8C5
:1060B0000022039A013203922033A5E50A30544F9F
:1060C0000A31544F6B6943F4005343F02B036B6167
:1060D0002B6943F00B032B61ACE5B36923F080031C
:1060E000B361012704F257284FF024092379BB42FA
:1060F0007FF6E0AD09FB07F318F80330012B03D15D
:10610000F9B22046FFF7C3FC0137EFE798F83C30BF
:10611000D9F80020012B09D1002A07DA67F07F01A6
:1061200088F83B30C9B22046FFF7B1FC013708F1CF
:10613000240809F12009C6E5013124332030D6E5D1
:1061400010B590F89434012B044610D0012380F848
:1061500094340B06006807D501F00F0102F0ACFA89
:10616000002084F8940410BD02F0C9FAF8E7022078
:10617000F9E7006870B5436A120419B913438362E2
:10618000002070BD846A4E1E03EB14430024B44209
:1061900005D33F3100EB810013434360F0E704F186
:1061A000400500EB850501346D6803EB1543EEE710
:1061B0000368002059627047704700002DE9F341E1
:1061C000044640B30368DE0710D423689D075BD400
:1061D0002368190700F19D8023685A0700F1BD80EC
:1061E000A369002B40F0248100202CE08D4B9A689D
:1061F00002F00C02042A07D09A6802F00C02082A66
:106200000BD15B68590208D5864B1B689A03DCD515
:106210006368002BD9D1012015E06368814DB3F587
:10622000803F13D12B6843F480332B60FDF740F996
:106230007C4E054633689B03C7D4FDF739F9401BF4
:106240006428F7D9032002B0BDE8F081B3F5A02F90
:1062500004D12B6843F480232B60E3E72A6822F4FF
:1062600080322A602A6822F480222A60002BDDD145
:10627000FDF71EF906462B689F03A6D5FDF718F912
:10628000801B6428F7D9DDE7664B9A6812F00C0F83
:1062900007D09A6802F00C02082A11D15B685D02EF
:1062A0000ED4604A1368990702D5E368012BB2D176
:1062B0001368216923F0F80343EAC103136087E7F9
:1062C000E268594BB2B101221A60FDF7F1F8554D61
:1062D00006462B689B0707D52B68226923F0F80335
:1062E00043EAC2032B6073E7FDF7E2F8801B022844
:1062F000EFD9A7E71A60FDF7DBF84A4E0546336889
:106300009F077FF565AFFDF7D3F8401B0228F6D94C
:1063100098E76269444B82B10122C3F8802EFDF7F1
:10632000C7F8404E0546736F9B073FF555AFFDF725
:10633000BFF8401B0228F6D984E7C3F8802EFDF78A
:10634000B7F8384E0546736F9F077FF545AFFDF7E9
:10635000AFF8401B0228F6D974E7324B1A6C12F0E2
:10636000805228D101921A6C42F080521A641B6C40
:1063700003F080530193019B01272C4D2B68D80516
:106380001BD5A368274D012B27D12B6F43F00103A9
:106390002B67FDF78DF8234E054641F28838336FA1
:1063A0009A0739D5002F3FF41BAF1E4A136C23F018
:1063B0008053136414E70027DFE72B6843F48073EE
:1063C0002B60FDF775F806462B68D905D9D4FDF783
:1063D0006FF8801B0228F7D934E7052B04D12B6F07
:1063E00043F004032B67D0E72A6F22F001022A67EB
:1063F0002A6F22F004022A67002BCAD1FDF758F851
:1064000041F2883806462B6F9B07CBD5FDF750F835
:10641000801B4045F7D915E7FDF74AF8401B40457A
:10642000BDD90FE70038024000004742007000402D
:10643000374DAA6802F00C02082A3ED0022B354BD9
:106440004FF000021A662BD1FDF732F806462B6892
:1064500099011FD4D4E907321343626A43EA8213D5
:10646000E26A43EA0263A26A5208013A43EA02433B
:106470006B60284B264D01221A66FDF719F8044679
:106480002B689A013FF5B0AEFDF712F8001B022809
:10649000F6D9D7E6FDF70CF8801B0228D7D9D1E64C
:1064A000FDF706F804462B689B017FF59DAEFCF7CF
:1064B000FFFF001B0228F6D9C4E6012B3FF4ABAE68
:1064C0006B68E26903F4800191427FF4A4AE216A13
:1064D00003F03F028A427FF49EAE616A47F6C072C3
:1064E0001A40B2EB811F7FF496AEA26A520803F401
:1064F0004031013AB1EB024F7FF48DAEE26A03F016
:106500007063B3EB026F14BF012000209BE600BF55
:106510000038024000004742134908B58B6803F079
:106520000C03042B1CD0082B1CD14A684B6849680B
:1065300013F4800314BF0D480D48C1F3881118BF30
:10654000002302F03F02A1FB0001FAF7ADFB064B6E
:106550005B68C3F3014301335B00B0FBF3F008BD9C
:106560000248FCE70248FAE70038024000127A00CD
:106570000024F4002DE9F0410D46044610B9012035
:10658000BDE8F081434B1A6802F007028A4228D323
:1065900021688F072DD4C80740D43E4B1A6802F0FB
:1065A0000702AA4265D8226851076BD4130707D5A2
:1065B000394A2169936823F4604343EAC103936035
:1065C000FFF7AAFF344B354A9B68C3F30313D35C30
:1065D000D840334B1860334B1868FCF71FFF00207E
:1065E000CEE7CAB21A701B6803F007038B42C6D10C
:1065F000CEE7294B11F0040F1EBF9A6842F4E05217
:106600009A600E0742BF9A6842F460429A609A68A4
:10661000A06822F0F00202439A60BCE762681E4B59
:10662000012A1CD11B6813F4003FA8D01A4EB3688E
:1066300023F003031343B360FCF73AFF41F28838B9
:106640000746B368626803F00C03B3EB820FA4D073
:10665000FCF72EFFC01B4045F3D9032090E7911EA5
:1066600001291B6802D813F0007FDEE713F0020F48
:10667000DBE7EAB21A701B6803F00703AB427FF452
:106680007EAF90E70449E0688B6823F4E05303434E
:106690008B608BE7003C024000380240E088030832
:1066A0004800002050000020014B1868704700BFD0
:1066B00048000020044B054A9B68C3F38223D35C47
:1066C000034A1068D840704700380240D888030851
:1066D00048000020044B054A9B68C3F34233D35C57
:1066E000034A1068D840704700380240D888030831
:1066F00048000020036813F0050FF7B5044605D1E4
:1067000023689B072AD4002003B0F0BD424B434EC0
:1067100000229A66FCF7CCFE054633681F0116D4AA
:10672000D4E901231B0743EA8213C6F884303A4BAD
:106730003A4E01229A66FCF7BBFE05463368180103
:10674000DED4FCF7B5FE401B0228F7D904E0FCF7C5
:10675000AFFE401B0228E0D90320D5E700230193B8
:106760002E4B2F4D1A6C42F080521A641B6C03F0B2
:1067700080530193019B2B6843F480732B60FCF7DB
:1067800097FE06462B68D9051BD5244DE2682B6F72
:1067900013F440731BD1E36803F44072B2F5407FF9
:1067A0001E4A34D1916823F0704021F4F81120F48E
:1067B000407001439160116FC3F30B030B431367E8
:1067C000A1E7FCF775FE801B0228DBD9C4E702F4C1
:1067D00040729342DFD02B6F0F4A0121C2F8401E56
:1067E00023F440730021C2F8401E2B672B6FDA0799
:1067F000D1D5FCF75DFE41F2883706462B6F9B072B
:10680000C9D4FCF755FE801BB842F7D9A4E79168BC
:1068100021F4F811CEE700BF0000474200380240E3
:106820000070004038B50368094ADA600446FCF796
:106830003FFE05462368DB689B0601D5002038BD76
:10684000FCF736FE401BB0F57A7FF3D90320F6E75C
:106850005F7F0100036870B5DC6814F040040546F2
:1068600017D1DA6842F08002DA60FCF721FE0646B2
:106870002B68DB685B0600D40CB1204670BDFCF7CA
:1068800017FE801BB0F57A7F82BF04236B7701244B
:10689000EEE70024F1E70368DA6822F0800210B521
:1068A000DA609B689B06044601D5002010BDFFF707
:1068B000B9FF0028F9D0042363770120F6E710B56B
:1068C0000446002841D0437F03F0FF0213B902774A
:1068D000FCF760F9022363772368DA68D20603D5F0
:1068E00001236377002010BDCA225A6253225A62E4
:1068F0002046FFF7AFFF10BB236820699A6822F497
:10690000E00222F040029A6062689968024360697E
:1069100002430A439A60E2681A611A69A16842EA6E
:1069200001421A612046FFF7B6FF40B92368A1690A
:106930001A6C22F480221A641A6C0A431A642368BF
:10694000FF225A620028CBD0CDE70120CBE7000020
:106950002DE9F3471F46894690460446FCF7A8FDFB
:106960000A9D3D442D1AFCF7A3FD264B1E68C6F375
:10697000CB366E43824601962268936839EA030358
:106980000CBF01230023434501D100202EE07B1CD6
:10699000F3D0FCF78DFDA0EB0A00A84229D32368B1
:1069A0005A6822F0E0025A606268B2F5827F0AD12A
:1069B000A268B2F5004F02D0B2F5806F03D11A6819
:1069C00022F040021A60A26AB2F5005F07D11A688D
:1069D00022F400521A601A6842F400521A6001232D
:1069E00084F85130002384F85030032002B0BDE811
:1069F000F087019A019B002A03F1FF33019308BF3E
:106A00001546B9E748000020F0B585B00B46009266
:106A10000E461746022101220446FFF799FF05465C
:106A200028B1636D43F020036365032515E0124B25
:106A30001868124BB0FBF3F04FF47A735843636855
:106A40000390B3F5827F0BD1009733462A4680210D
:106A50002046FFF77DFF0028E3D1284605B0F0BDB2
:106A6000039B002BF9D0039B013B039323689B6896
:106A70001B06F5D4F1E700BF4800002000366E0188
:106A800037B50B464168B1F5827F044608D00092C5
:106A900001210022FFF75CFFD0B9002003B030BD18
:106AA0008168B1F5004F02D0B1F5806F07D125683C
:106AB0002868B1F5806F20F04000286004D0009273
:106AC000802100222046E5E7009201210022F9E71B
:106AD000636D43F0200363650320DFE710B50446D0
:106AE000002855D0436A002B4ED14268B2F5827F10
:106AF00000D0C3610023A36294F8513003F0FF0279
:106B000023B984F850202046FCF7CCF82168A0680F
:106B1000A269022384F851300B6823F040030B6014
:106B2000636800F4044003F482730343E06800F4F4
:106B300000600343206900F002000343606900F035
:106B40000100034302F400700343E06900F03800E1
:106B50000343206A00F080000343A06A00F4005061
:106B600003430B60636A120C03F0100302F004028B
:106B70001A434A60CB6923F40063CB6100200123F0
:106B8000606584F8513010BD0023C0E90433B1E7DB
:106B90000120F8E72DE9F74304461F460D469046CD
:106BA000FCF786FC94F85130012B8146D8B240F0B6
:106BB0009F80002D74D0B8F1000F71D094F8503040
:106BC000012B00F09580032384F851300023636586
:106BD000C4E91033A4F83680A363A387E387A368CE
:106BE000266884F85000B3F5004F2563A4F834807C
:106BF00007D1336823F040033360336843F48043A4
:106C000033603368E2685B065EBF336843F040037D
:106C10003360B2F5006F636845D113B1B8F1010F6D
:106C200007D135F8023BF3602563E38E013B9BB24D
:106C3000E386E38E9BB2D3B94A4639462046FFF736
:106C4000E3FE002851D1A36833B901932368DA68C1
:106C500001929B680193019B012384F85130606D80
:106C60000023C01A84F8503018BF012018E02268B1
:106C70009368980705D5236B33F8021BD160236313
:106C8000D3E7FCF715FCA0EB0900B842D1D3791C7F
:106C9000CFD0012384F85130002384F850300320F2
:106CA00003B0BDE8F08313B1B8F1010F08D12B7820
:106CB0003373236B01332363E38E013B9BB2E38683
:106CC000E38E9BB2002BB7D023689A68920703D556
:106CD000226B12781A73ECE7FCF7EAFBA0EB0900D1
:106CE000B842EDD37B1CEBD0D3E720236365AAE742
:106CF0000220D5E72DE9F74304460D4691461E468E
:106D0000DDF82880FCF7D4FB94F851306268012B41
:106D10000746D9B20AD0B2F5827F40F0E580A36879
:106D2000002B40F0E180042940F0DE80002D4BD0A4
:106D3000B9F1000F48D0002E46D094F85030012B06
:106D400000F0D280012384F8503094F85130C4F818
:106D50003890042B1CBF052384F851300023636551
:106D6000C4E910332368E687E6861968A6874906D2
:106D700058BF1968256358BF41F04001A68658BF27
:106D80001960E168B1F5006F55D10AB1012E07D144
:106D900035F8022BDA60E38E2563013B9BB2E38674
:106DA0000125E38E9BB28BB9E38F9BB273B93A4650
:106DB00041462046FFF728FE002800F0818020236E
:106DC0006365002384F85030012031E021688B682E
:106DD0009A070DD5E38E9BB253B145B1236B33F8BF
:106DE000022BCA602363E38E013B9BB2E38600253E
:106DF0008A6812F001020CD0E38F9BB24BB1A36BF7
:106E0000C96823F8021BA363E38F013B9BB2E387AE
:106E10001546FCF74DFBC01B4045C2D3B8F1FF3F00
:106E2000BFD0012384F85130002384F85030032070
:106E300003B0BDE8F0830AB1012E08D12A781A7395
:106E4000236B01332363E38E013B9BB2E386012571
:106E50002DE0226893689B070ED5E38E9BB25BB151
:106E60004DB1236B1B781373236B01332363E38EC4
:106E7000013B9BB2E38600252268916811F0010175
:106E80000DD0E38F9BB253B1A36BD2681A70A36B82
:106E90000133A363E38F013B9BB2E3870D46FCF70D
:106EA00007FBC01B404502D3B8F1FF3FB9D1E38EC9
:106EB0009BB2002BCDD1E38F9BB2002BC9D176E7DB
:106EC000A36833B901932368DA6801929B68019340
:106ED000019B012384F85130606D0023C01A84F8AF
:106EE000503018BF0120A3E70220A1E72DE9F743A6
:106EF0001E4690F85130012B044689461746DDB2F4
:106F000004D00225284603B0BDE8F0834368B3F5FA
:106F1000827F0BD183684BB9042380F8513013462C
:106F200000960A46FFF7E6FE0546EBE7FCF7C0FAD7
:106F30008046B9F1000FE5D0002FE3D094F850302F
:106F4000012BDED0A268C4F838900123002584F814
:106F50005030B2F5004F4FF0040384F85130C4E9CB
:106F6000105565652368E787A7872563A586E586AD
:106F700007D11A6822F040021A601A6822F480428F
:106F80001A601A6855065EBF1A6842F040021A601D
:106F9000E368F3B1E38F9BB2FBB123689A68D20731
:106FA0003CD5DA68A36B23F8022BA363E38F013B84
:106FB0009BB2E387EEE723689A68D0071ED5A26BE1
:106FC0001B7B1370A36B0133A363E38F013B9BB265
:106FD000E387E38F9BB2002BEDD14246314620463A
:106FE000FFF74EFD18BB012384F85130656D002377
:106FF000ED1A84F8503018BF012583E7FCF758FAE2
:10700000A0EB0800B042E4D3711CE2D0012384F865
:107010005130002384F85030032573E7FCF748FA19
:10702000A0EB0800B042B5D3731CB3D0EEE7202329
:107030006365D8E770470000F0B503685D689A683B
:10704000560685B004464FEA9211C2F3801708D461
:10705000D60706D56E0604D5036C05B0BDE8F04032
:107060001847960704D5280602D5636C2046F4E736
:1070700041EA521102F4807001F0010101434FEA2C
:10708000521657D0AA0655D57FB194F85120032A3D
:107090004FF0000148D0626D42F004026265009139
:1070A000DA6800929A680092009AF1070CD5626D36
:1070B00042F001026265002202929A6802921A6806
:1070C00022F040021A60029A40B1626D42F008025A
:1070D0006265002203929A680392039A626D4AB332
:1070E0005A6822F0E0025A60012284F85120AA076F
:1070F00022D05A68E06C22F003025A6040B1104B73
:107100000365FCF79CFB18B1636D43F040036365B6
:10711000A06C78B10A4B0365FCF791FB50B1636D2D
:1071200043F04003636505E00191DA6801929B68D2
:107130000193019B05B0F0BD2046FFF77BFFF9E707
:107140004571020808B5806B0023C387C386FFF72B
:1071500071FF08BD036A026A22F0010270B5026283
:10716000446882690D6822F073022A438D6823F017
:1071700002032B430C4DA84203D005F58065A842BD
:107180000BD1CD6823F008032B43D1E9055624F435
:107190004074354323F004032C43446082614A6801
:1071A0004263036270BD00BF00000140036A026ACF
:1071B00022F4807270B502624468C2690D6822F0E0
:1071C00073022A438D6823F4007343EA05230D4DAF
:1071D000A84203D005F58065A8420DD1CD6823F4FF
:1071E000006343EA0523D1E9055624F440543543AE
:1071F00023F4806344EA05144460C2614A68C263B0
:10720000036270BD00000140036A026A22F48052EA
:1072100030B502624468C2690D6822F4E64242EA6F
:1072200005228D6823F4005343EA0533084DA84234
:1072300003D005F58065A84204D14D6924F480444B
:1072400044EA85144460C2614A680264036230BD46
:107250000000014090F83D30012B30D1022380F82E
:107260003D300368DA6842F00102DA60154A934261
:107270001AD0B3F1804F17D0A2F57C42934213D0BD
:1072800002F5806293420FD002F5806293420BD0E8
:1072900002F57842934207D002F57052934203D030
:1072A000A2F59432934204D19A6802F00702062AAA
:1072B00003D01A6842F001021A60002070470120D2
:1072C000704700BF000001407047082910D004D863
:1072D00041B1042909D0002070470C29FBD1036873
:1072E000186C70470368586B70470368986B704759
:1072F0000368D86B7047704770477047036870B574
:10730000DD681E69B10704460DD5AA070BD56FF0DD
:1073100002021A61012202779B699B0769D004F07F
:10732000BDFA00232377710710D56A070ED52368AD
:107330006FF004021A61022222779B6913F4407FE6
:1073400020465CD004F0AAFA0023237733070FD538
:1073500028070DD523686FF008021A6104222277EE
:10736000DB699907204650D004F098FA0023237770
:10737000F20610D5EB060ED523686FF010021A61E5
:1073800008222277DB6913F4407F204643D004F0C3
:1073900085FA00232377F00708D5E90706D5236887
:1073A0006FF001021A61204604F05CFA320608D53B
:1073B0002B0606D523686FF080021A61204600F084
:1073C0002CFC700608D5690606D523686FF04002CC
:1073D0001A612046FFF791FFB20622D5AB0620D5F1
:1073E00023686FF0200220461A61BDE8704000F06B
:1073F00013BCFFF780FF2046FFF77EFF91E7FFF702
:107400007AFF2046FFF778FF9EE7FFF774FF2046DC
:10741000FFF772FFAAE7FFF76EFF2046FFF76CFF4A
:10742000B7E770BD294A0368904212D0B0F1804F8F
:107430000FD0A2F57C4290420BD002F580629042C0
:1074400007D002F58062904203D002F57842904264
:1074500008D14A6823F070031343CA6823F44073C9
:10746000134316E01A4A9042F7D002F58062904228
:10747000F3D002F580629042EFD0A2F598329042AC
:10748000EBD002F580629042E7D002F58062904234
:10749000E3D04A6923F08003134303608B68C3621F
:1074A0000B688362094B984203D003F580639842CE
:1074B00001D10B690363012343610369DB0742BF09
:1074C000036923F001030361704700BF000001401E
:1074D0000040014010B5044630B390F83D3003F051
:1074E000FF021BB980F83C20FBF704FE0223206852
:1074F00084F83D30211DFFF795FF012384F84630C5
:10750000002084F83E3084F83F3084F8403084F81E
:10751000413084F8423084F8433084F8443084F8B1
:10752000453084F83D3010BD0120FCE710B504461D
:1075300030B390F83D3003F0FF021BB980F83C20D7
:10754000FFF7C2FE0223206884F83D30211DFFF7BB
:1075500069FF012384F84630002084F83E3084F827
:107560003F3084F8403084F8413084F8423084F869
:10757000433084F8443084F8453084F83D3010BD01
:107580000120FCE710B5044630B390F83D3003F01D
:10759000FF021BB980F83C20FBF772FD0223206834
:1075A00084F83D30211DFFF73DFF012384F846306C
:1075B000002084F83E3084F83F3084F8403084F86E
:1075C000413084F8423084F8433084F8443084F801
:1075D000453084F83D3010BD0120FCE7036A026AA3
:1075E00022F0100270B50262446882690D6822F4CC
:1075F000E64242EA05228D6823F0200343EA0513A0
:107600000D4DA84203D005F58065A8420DD1CD6887
:1076100023F0800343EA0513D1E9055624F44064BE
:10762000354323F0400344EA8504446082614A689C
:107630008263036270BD00BF0000014038B590F85E
:107640003C30012B04464FD00120082A84F83C002E
:107650003AD006D8BAB1042A26D0002384F83C30A8
:1076600038BD0C2AF9D12068FFF7CEFDC3690A693D
:1076700043F40063C361C36923F48063C361C369D6
:1076800043EA02232EE02068FFF764FD83690A695C
:1076900043F008038361836923F0040383618369F2
:1076A000134383610020D8E72068FFF797FF8369C1
:1076B0000A6943F400638361836923F4806383610F
:1076C000836943EA0223ECE72068FFF76FFDC36993
:1076D0000A6943F00803C361C36923F00403C3616B
:1076E000C3691343C361DDE70220B9E770B5056ADA
:1076F000046A194E24F001040462B042846926D061
:10770000B0F1804F23D0A6F57C46B0421FD006F5DD
:107710008066B0421BD006F58066B04217D006F5F1
:107720007846B04213D006F57056B0420FD0A6F599
:107730009436B0420BD044F0010263F3071201F01B
:107740000A0125F00A0319438261016270BD24F029
:1077500003042243F1E700BF00000140F8B590F8B0
:107760003C30012B05460C4600F082800120082A9F
:1077700085F83C005CD006D842B3042A36D00023FA
:1077800085F83C30F8BD0C2AF9D12B68CE68186A10
:10779000D1E90027196A21F480511962D9691203CD
:1077A00021F4407141EA072120F4204002F42042F4
:1077B00066F30F310243D9611A62DA69A16822F4D3
:1077C0004062DA61DA6942EA01224FE02868CB6858
:1077D000D1E90012FFF78AFF8369A26823F00C0346
:1077E00083618369134383610020C8E72B68CE68F7
:1077F000186AD1E90027196A21F010011962996904
:10780000120121F4407141EA072120F0A00002F0AA
:10781000A00266F30F31024399611A629A69A16866
:1078200022F440629A619A6942EA01229A61DBE796
:107830002B68E768186A1E6A26F48076D1E9002171
:107840001E62DE69120226F00306314320F4206036
:1078500002F4206267F307110243D9611A62DA6900
:10786000A16822F00C02DA61DA690A43DA61BBE747
:10787000022087E710B584680A4324F47F4442EA73
:1078800003222243826010BD38B590F83C30012BB2
:1078900004464FF0020000F08E8084F83D00012283
:1078A000206884F83C20836823F47F4323F0770327
:1078B00083600B68602B4FD032D8402B64D016D831
:1078C000202B0DD00AD833F0100109D0012384F801
:1078D0003D30002384F83C30104638BD302BF5D1C4
:1078E000826822F07002134343F0070328E0502B14
:1078F000ECD14A68CD68016A036A23F00103036290
:10790000836921F00A0123F0F00343EA05130A43D7
:1079100083610262836823F0700343F057030FE032
:10792000B3F5805F0DD0B3F5005F0CD0702BCDD1D7
:10793000CB68D1E90121FFF79DFF836843F077030E
:1079400083600022C2E7CB68D1E90121FFF792FFF3
:10795000836843F48043F3E7036A026A4D68C968A9
:1079600022F010020262826923F0A00322F4704226
:1079700043EA051342EA013282610362836823F01D
:10798000700343F06703DBE74A68CD68016A036A66
:1079900023F001030362836921F00A0123F0F0035D
:1079A00043EA05130A4383610262836823F070038C
:1079B00043F04703C4E702468EE7036A10B501F0BF
:1079C0001F0101248C4023EA04030362036A8A40F6
:1079D0001A43026210BD000008B529B990F83E3084
:1079E000012B1FD0012035E0042907D190F83F304A
:1079F000012BF7D1022380F83F3016E008290CBF95
:107A000090F8403090F84130013B18BF0123002B23
:107A1000E8D108294FF002030CBF80F8403080F80D
:107A2000413002E0022380F83E3000680122FFF777
:107A3000C4FF164B984203D003F5806398420AD1E5
:107A4000436C43F400434364836803F00703062B4D
:107A500017D1002008BDB0F1804FF5D00C4B9842F3
:107A6000F2D003F580639842EED003F5806398422C
:107A7000EAD003F59A339842E6D0A3F594339842BE
:107A8000E2D0036843F001030360E2E70000014035
:107A900000040040FFF7A0BF08B500293ED190F8D0
:107AA0003E2090F84230D2B2012ADBB272D1012BD3
:107AB00070D10223002947D1026880F83E3080F857
:107AC0004230D36843F00203D36000680122FFF71D
:107AD00074FF314B98421AD0B0F1804F17D0A3F504
:107AE0007C43984213D003F5806398420FD003F58E
:107AF000806398420BD003F57843984207D003F592
:107B00007053984203D0A3F5943398423DD18368D3
:107B100003F00703062B38D1002008BD042905D146
:107B200090F83F2090F84330D2B2BDE708290BBF50
:107B300090F8402090F8412090F8443090F845307B
:107B40000CBFD2B2D2B2AFE7042908D1026880F8E4
:107B50003F3080F84330D36843F00403B4E708298A
:107B600008D1026880F8403080F84430D36843F090
:107B70000803A9E70C2980F8413080F8453009D185
:107B80000268D36843F010039EE7036843F00103E3
:107B90000360C1E70120C0E70000014030B590F864
:107BA0003C30012B02464FF0020032D0136882F8BD
:107BB0003D005C680D68986824F070042C435C609C
:107BC000144CA3421AD0B3F1804F17D0A4F57C44D3
:107BD000A34213D004F58064A3420FD004F580645F
:107BE000A3420BD004F57844A34207D004F57054A7
:107BF000A34203D0A4F59434A34204D1496820F0F1
:107C00008000014399600123002082F83D3082F812
:107C10003C0030BD0000014070477047026802F12F
:107C20000C0353E8003F23F490730C3242E8003118
:107C300002680029F2D102F1140353E8003F23F057
:107C4000010302F1140C4CE800310029F3D1036B5D
:107C5000012B0BD102F10C0353E8003F23F010037A
:107C600002F10C0C4CE800310029F3D1202380F8FC
:107C700042300023036370470268C16838B5136956
:107C800023F440530B431361054683680069D168B0
:107C9000034368690343E86921F4164121F00C01AC
:107CA00003430B43D3605369A96923F440730B4327
:107CB00053611F4B9A4203D003F580639A4224D14B
:107CC000FEF708FDEA691921B2F5004FD5E9004336
:107CD000A0FB01011CD1DA184FF0000545EB0503AC
:107CE000F8F7E2FF6422B0FBF2F102FB1103DB00C4
:107CF0003233B3FBF2F303F007025B0002EB011235
:107D000003F4F8731344A36038BDFEF7D3FCD9E73E
:107D10009A009B0FF8F7C8FF6422B0FBF2F102FB58
:107D200011031B013233B3FBF2F303EB0113EAE758
:107D30000010014010B5044648B390F8413003F0FC
:107D4000FF021BB980F84020FBF7A4FA2268242325
:107D500084F84130D36823F40053D3602046FFF702
:107D60008BFF23681A6922F490421A615A6922F043
:107D70002A025A61DA6842F40052DA6000202023B5
:107D8000606484F8413084F84230606310BD0120A3
:107D9000FCE710B50446A0B10268242380F8413006
:107DA000D36823F40053D360FBF7ECFA002060643F
:107DB00084F8400084F8410084F842002063606346
:107DC00010BD0120FCE7000038B50446134694F8C6
:107DD0004120202A27D141B33BB300222120E38454
:107DE000626484F84100A06B114DA3842162C563D5
:107DF000104D0564104DC0E9135222680432FBF7A0
:107E0000A7FC23686FF040021A60226802F1140395
:107E100053E8003F43F0800302F1140141E80030D1
:107E20000028F3D138BD0220FCE70120FAE700BFAB
:107E3000DB7E0208297F0208377F020810B504465E
:107E4000226802F10C0353E8003F23F490730C32D4
:107E500042E8003123680029F2D103F1140252E80C
:107E6000002F22F0010203F1140040E80021002954
:107E7000F3D1226B012A0BD103F10C0252E8002F3F
:107E800022F0100203F10C0040E800210029F3D198
:107E90005A6952061AD503F1140252E8002F22F053
:107EA000400203F1140040E800210029F3D1E06B07
:107EB00060B10165FBF785FC40B1E06BFBF793FD1A
:107EC000202803D110236364032010BD0020202349
:107ED000E08584F842302063F7E708B50346806BFD
:107EE0001B681B6813F480731AD1C384026802F103
:107EF000140353E8003F23F08003143242E80031BA
:107F000002680029F2D102F10C0353E8003F43F06C
:107F1000400302F10C0040E800310029F3D108BD14
:107F200003F012FEFBE7704708B5806BFFF7FBFF1D
:107F300008BD7047704708B5806B03685A6990F8B0
:107F40004110212912D1120610D50022C28403F15A
:107F50000C0252E8002F22F0C00203F10C0C4CE896
:107F600000210029F3D1202280F841205B6990F89C
:107F70004220222A05D15B0603D50023C385FFF7E3
:107F80004DFE436C43F01003436403F02BFE08BD29
:107F900008B5806B0023C385C38403F023FE08BDAE
:107FA000806B08B501234363036B012B04D1818DE2
:107FB000490803F081FD08BDFFF7BCFFFBE708B5EA
:107FC0000346806B1B681B6813F4807337D1C3852D
:107FD000026802F10C0353E8003F23F480730C3273
:107FE00042E8003103680029F2D103F1140252E89B
:107FF000002F22F0010203F1140C4CE800210029AB
:10800000F3D103F1140252E8002F22F0400203F1F1
:10801000140C4CE800210029F3D1202280F84220E2
:10802000026B012A0BD103F10C0252E8002F22F05F
:10803000100203F10C0C4CE800210029F3D10023BD
:108040004363036B012B03D1818D03F035FD08BD24
:10805000FFF76FFFFBE790F84230222B07B542D1C4
:1080600081680268836AB1F5805F3FD101690029A8
:108070003FD15268C2F3080223F8022B8362C38DFA
:10808000013B9BB2C385002B2DD10268D16821F042
:108090002001D160D16821F48071D160516921F053
:1080A00001015161202280F842204363026B012AC2
:1080B000026828D1036302F10C0353E8003F23F068
:1080C000100302F10C0C4CE800310029F3D11368C5
:1080D000DB0605D501911368019353680193019B59
:1080E000818D03F0E9FC03B05DF804FB39B9016947
:1080F00029B95268D2B21A70836A0133BEE7526856
:1081000002F07F02F7E7FFF714FFECE703681A6855
:1081100073B51607D9685D69044608D1960668D517
:108120008D0666D502B0BDE87040FFF794BF05F03C
:10813000010001F4907505435BD0D60705D5CD0548
:1081400042BF636C43F001036364530704D518B165
:10815000636C43F002036364960704D518B1636C43
:1081600043F004036364150707D501F020030343BC
:108170001EBF636C43F008036364636C002B32D052
:10818000920604D58B0602D52046FFF764FF2668C9
:108190007369626C03F0400302F0080253EA0205BF
:1081A000204622D0FFF73AFD73695E0618D5226893
:1081B00002F1140353E8003F23F04003143242E875
:1081C00000310029F3D1E06B50B1744B0365FBF72C
:1081D00036FB40B1E06B036D02B0BDE8704018475C
:1081E000204603F0FFFC02B070BD03F0FBFC6564A9
:1081F000F9E7206B012840F09580D50640F1928088
:10820000C80640F18F80002201921A6801925A68D4
:108210000192019A5A6952064ED5E16B0A6852687A
:1082200092B2002ADFD0A08D9042DCD9E285CA69E3
:10823000B2F5807F36D003F10C0252E8002F22F411
:10824000807203F10C0040E800210029F3D103F112
:10825000140252E8002F22F0010203F1140040E85A
:1082600000210029F3D103F1140252E8002F22F07B
:10827000400203F1140040E800210029F3D120223C
:1082800084F84220216303F10C0252E8002F22F00F
:10829000100203F10C0040E800210029F3D1E06B4B
:1082A000FBF78FFA02236363E38DA18DC91A89B2AC
:1082B000204603F001FC96E7E28DE08DA18D80B2AF
:1082C00092B200288FD0891A89B200298BD003F18D
:1082D0000C0252E8002F22F4907203F10C0545E8DD
:1082E00000200028F3D103F1140252E8002F22F0FD
:1082F000010203F1140545E800200028F3D12022F3
:1083000084F84220206303F10C0252E8002F22F08F
:10831000100203F10C0545E800200028F3D10223E8
:108320006363C5E7160628D50D0626D594F84120C7
:10833000212A7FF458AFA168226AB1F5805F17D176
:108340002169A9B932F8021BC1F308015960226200
:10835000E28C013A92B2E284002A7FF444AFDA68F8
:1083600022F08002DA60DA6842F04002DA603AE72E
:10837000511C216212785A60EAE750067FF533AF4C
:108380004A067FF530AFDA6822F04002DA60202337
:1083900084F84130204603F0D7FB24E7917F0208A0
:1083A00073B5134682850025222204468162456406
:1083B00080F84220C06B1D4AC2631D4A26680264D1
:1083C0001C4AC0E913250A46311DFBF7C1F9236891
:1083D00001951A6801925A680192019A22695AB16C
:1083E00003F10C0252E8002F42F4807203F10C00FA
:1083F00040E800210029F3D103F1140252E8002FD4
:1084000042F0010203F1140040E800210029F3D1F9
:1084100003F1140252E8002F42F0400203F114016C
:1084200041E800200028F3D102B070BDBF7F0208F0
:10843000A17F0208377F020873B590F84260202EB2
:10844000044624D111B9012002B070BD002AFAD02F
:108450000123036300234363FFF7A2FF0028F3D146
:10846000236B012BEFD122680190136801935368AD
:108470000193019B02F10C0353E8003F43F010030A
:1084800002F10C0444E800310029F3D1DCE70220BA
:10849000DAE782B0002302460193019B0133019386
:1084A000019BB3F1706F15D81369002BF5DA002327
:1084B0000193136943F001031361019B013301939D
:1084C000019BB3F1706F05D8106910F00100F4D171
:1084D00002B070470320FBE784B038B505AD85E8EE
:1084E0000E009DF81930012B044627D1836B23F42D
:1084F00080338363C36823F4840323F04003C360A1
:10850000C36823F44013C3609DF82030012B02BFE1
:10851000C36843F48013C360FFF7BBFF9DF81630B8
:10852000012B07D1A36843F00603A360A36843F0BF
:108530002003A360BDE8384004B07047C36843F02F
:108540004003C360FFF7A5FF9DF81D3023B9A36B5F
:1085500043F48033A363E1E7A36B23F48033F9E7AB
:10856000022A4AD1274B284A0B44934239D9274B38
:10857000274A0B44934236D9264AA1F57403A3F542
:108580001053934231D9244AA1F18373A3F5E743F1
:1085900093422CD3214B224A0B44934229D9214B9D
:1085A000214A0B44934226D3204B214A0B44934249
:1085B00023D3204AA1F1B773A3F5585393421ED396
:1085C0001D4B1E4A0B4493422CBF06230723C2684F
:1085D00022F47052C260C26842EA8323C360002062
:1085E00070470F23F3E70E23F1E70D23EFE70C238A
:1085F000EDE70B23EBE70A23E9E70923E7E7082385
:10860000E5E700BF405327FFFF340C00401E1BFF6F
:108610003F420F007F4F120020D6130060B6E5FEE8
:108620005FE3160000D3CEFE40771B00C05BB3FEB5
:10863000C091210020753800E05459FEE09C4100B3
:10864000836843F00103836000207047836823F050
:10865000010383600020704738B5C368012923F007
:10866000C04305460C46C36014D1C36843F00053B1
:10867000C36000240A20FAF721FF6B69D90704F1CF
:108680000A0402D4C82CF5D1C824A4F1C803584266
:10869000584138BD71B9C36843F08043C3600A20B4
:1086A000FAF70CFF6B69DA0704F10A04EDD5C82C60
:1086B000F5D1E9E70120ECE782B0002302460193FF
:1086C000019B01330193019BB3F1706F15D81369BE
:1086D000002BF5DA8901002341F02001019311619B
:1086E000019B01330193019BB3F1706F05D81069B1
:1086F00010F02000F4D102B070470320FBE782B0F5
:10870000002302460193019B01330193019BB3F1C6
:10871000706F13D81369002BF5DA0023019310232F
:108720001361019B01330193019BB3F1706F05D875
:10873000106910F01000F4D102B070470320FBE77D
:10874000D0F800381943C0F8001800207047000026
:1087500084B02DE9F843044609A880E80E00002300
:108760009DF824609DF82E50194603F1400204EB59
:10877000820201330F2B5160F7D104F50067002D01
:108780006CD17B6843F002037B60A36B43F400135E
:10879000A363A36B23F40023A363A36B23F48023BD
:1087A000A3630023C4F8003E9DF82930012B5FD15C
:1087B0009DF82710002959D12046FFF7C1FF10214D
:1087C0002046FFF779FF01462046FFF798FF084350
:1087D000C0B2002300383B6118BF01207B6104F563
:1087E0001062FB6119464FF0904C4FF0006E4FF64F
:1087F0007F389E423ED8002204F5306311464FF088
:10880000904C4FF0006E4FF67F38964245D83B694A
:1088100023F480733B610023A3616FF080436361A5
:108820009DF826301BB9A36943F01003A361A26928
:10883000234B1343A3619DF82A301BB1A36943F076
:108840000803A361012D01BFA36943F0804343F0F6
:108850000403A361BDE8F84304B07047A36B23F49D
:108860000013A363A36B43F4002399E71946A3E71E
:108870000321A1E7D2F80090B9F1000F0BDA3BB960
:10888000C2F800E011610133C2F808802032B0E77D
:10889000C2F800C0F6E71160F4E7D3F80090B9F130
:1088A000000F0BDA3AB9C3F800E019610132C3F8DE
:1088B00008802033A9E7C3F800C0F6E71960F4E7A1
:1088C00000383C80D0F8083813F0060004D013F0CC
:1088D000020F14BF02200F20704730B50C78012220
:1088E00004F00F05AA404D78012D00F5006300EB60
:1088F000441019D1DD692A43DA61D0F800391A042D
:1089000010D48A68D0F80059C2F30A030A792B43BD
:1089100043EA824343EA845343F0805343F40043E1
:10892000C0F80039002030BDDC6944EA0242DA6157
:10893000D0F8003B1B04F5D48B68D0F8002BC3F3B0
:108940000A0313430A7943EA824343F0805343F412
:108950000043C0F8003BE5E710B50A7849780129E3
:1089600000EB421300F5006002F00F0222D1D3F8B1
:10897000001900290BDAD3F8001941F00061C3F89F
:108980000019D3F8001941F08041C3F80019C46BF5
:10899000012101FA02F224EA0204C463C16921EA56
:1089A0000202C261D3F80019144A0A40C3F8002930
:1089B000002010BDD3F8001B00290BDAD3F8001BF0
:1089C00041F00061C3F8001BD3F8001B41F0804167
:1089D000C3F8001BC46B4FF4803101FA02F224EAA1
:1089E0000204C463C16921EA0202C261D3F8001B18
:1089F000034A0A40C3F8002BDAE700BF007833ECE3
:108A00000078F3EF82B000234A7801930B78012AB3
:108A10004FEA43131ED100F51060C118C258002A56
:108A200002DB002002B07047C25842F00062C25020
:108A3000C25842F08042C25042F21072019B013390
:108A40000193019B934201D90120EBE70B68002BB6
:108A5000F4DBE6E700F53060C118C258002AE0DA1E
:108A6000C25842F00062C250C25842F08042C25026
:108A700042F21072019B01330193019B9342E3D8B0
:108A80000B68002BF6DBCCE710B59DF8084044B925
:108A9000033301329B0800EB023001EB8303994260
:108AA00001D1002010BD51F8042B0260F7E700004F
:108AB0002DE9F3414B780C690F79DFF8F0E1DFF82D
:108AC000F08116460A78012B00EB421540F09780A2
:108AD00005F5106CDCF8103074BB03EA0E03CCF81B
:108AE0001030DCF8103043F40023CCF81030DCF800
:108AF000103003EA0803012ECCF8103057D1CB69AF
:108B00000BB1CCF81430012F0CD1D0F8083813F485
:108B1000807FD5F800390CBF43F0005343F08053F9
:108B2000C5F80039D5F8003943F00443C5F80039D9
:108B3000002002B0BDE8F08103EA0803CCF8103051
:108B4000DCF8103003EA0E03CCF810308B687AB9E9
:108B5000A34238BF0B61DCF8103043F40023CCF89B
:108B600010300B69DCF81040C3F312032343C2E753
:108B70001C44013CB4FBF3F44B4BDCF810E01FFA4F
:108B800084F803EAC44444EA0E04012FCCF81040F0
:108B9000E7D1DCF8103023F0C043CCF81030DCF81B
:108BA00010404FEA487303F0C0432343D7E7D5F89A
:108BB0000039012F43F00443C5F800390B690BD08D
:108BC000002BB5D0D0F8341802F00F0201239340E7
:108BD0000B43C0F83438ABE7D0F8084814F4807F72
:108BE000D5F800490CBF44F0005444F08054C5F857
:108BF00000490096C9689BB2FFF746FF98E7D5F891
:108C0000103B03EA0803C5F8103BD5F8103B03EA14
:108C10000E0305F5306CCCF810308B685ABB04B1EC
:108C20000B610B62DCF81020C3F312031343CCF882
:108C30001030DCF8103043F40023012ECCF8103053
:108C400003D1CB680BB1CCF81430012F0CD1D0F884
:108C5000083813F4807FD5F8003B0CBF43F0005375
:108C600043F08053C5F8003BD5F8003B43F0044384
:108C7000C5F8003B5CE7002CD4D01C440A4ADCF861
:108C800010E0013CB4FBF3F4A4B202EAC442634333
:108C900042EA0E020B62CCF81020DCF81020C3F37D
:108CA00012031343C9E700BF0000F81FFFFF07E0EE
:108CB0000000F8FF034670B50020940803F58055C6
:108CC00002F00302A04210D301EB840062B103F56D
:108CD00080531C680023D90024FA01F1C1540133E8
:108CE00099B28A42F7D1104470BD2E6841F82060D5
:108CF0000130E7E74A780B78012A00EB431012D1E4
:108D0000D0F80029002A06DB2BB1D0F8003923F077
:108D10008043C0F80039D0F8003943F40013C0F89C
:108D2000003900207047D0F8002B002A06DB2BB159
:108D3000D0F8003B23F08043C0F8003BD0F8003B64
:108D400043F40013C0F8003BEBE70B784A7800EBE4
:108D500043100B79012AA3F10203DBB20FD1D0F843
:108D60000029012B22F40012C0F8002905D8D0F800
:108D7000003943F08053C0F8003900207047D0F824
:108D8000002B22F40012012BC0F8002B9EBFD0F85C
:108D9000003B43F08053C0F8003BEEE7D0F80038CA
:108DA00023F4FE63C0F80038D0F80038090101F45C
:108DB000FE611943C0F8001800207047D0F8003E4B
:108DC00023F00303C0F8003ED0F8043823F0020378
:108DD000C0F8043800207047D0F8003E23F00303A9
:108DE000C0F8003ED0F8043843F00203C0F804385D
:108DF000002070474269806910407047D0F81838E9
:108E000000F50060C0691840000C7047D0F81838B1
:108E100000F50060C069184080B2704700EB411156
:108E200000F50060D1F8082B406910407047D0F879
:108E30001028D0F8343800EB411001F00F01CB407E
:108E400000F51060DB018068DBB213431840704707
:108E5000406900F001007047D0F800396FF30A0351
:108E6000C0F80039D0F8043843F48073C0F80438EF
:108E70000020704730B5056C104CA54200F53063FA
:108E800003D9D0F8004B002C16DB00241C611C69B0
:108E900044F400241C611C6944F018041C611C6922
:108EA000012944F0C0441C6101BF5A61D0F8003B65
:108EB00043F08023C0F8003B002030BD0A30544FFF
:108EC000064B186810B50C4608B102F056FD214655
:108ED0000348BDE8104004F040BA00BFF419002078
:108EE0009B71030810B50F4C2378D3B90E4B18684B
:108EF000B8B10E4B1A880E4B1B8892B29BB29A42A5
:108F00000FD00C498CBFD21AC3F5006292B20A800E
:108F10000121217008491944FEF756FF08B10023CA
:108F2000237010BD91100020F01900209610002031
:108F3000941000209210002098100020064A074B41
:108F400011881B880B44C3F30A031380044B0022CF
:108F50001A70FFF7C7BF00BF9410002092100020C6
:108F600091100020024B186808B102F0D2BC704783
:108F7000F419002070B5104D2B680646DBB10F4C7C
:108F80002068C0B1FEF75AFF2068FEF702FF206894
:108F90004660FEF7CFFE2B68206899680022DA82CF
:108FA0009A619A89FFF748FA2B685B681A68136818
:108FB00023F00803136070BDF4190020F01900209D
:108FC00070B51A491A48ADF5816D06220AF018FEEF
:108FD000044670B91649174D174E4FF4806201A828
:108FE0000AF020FE14498DF8044401A80AF02EFE70
:108FF00010B90DF5816D70BD012C07D0032C0DD07B
:10900000314600200AF022FE0134F1E708F0C2FFE9
:1090100051EC100BF7F7F8FD6860F1E708F0BAFFC4
:1090200051EC100BF7F7F0FD2860E9E7C771030872
:10903000900C0020F8190020CD6F030810B51D4BCF
:109040001C68ADF5816D1CB900200DF5816D10BD5A
:1090500040F20142002101A80AF0CAFD40F201429B
:1090600001A9204602F0AEFC0028EDD09DF80430A6
:10907000002BE9D001AB0344002113F8012D0A2A8B
:10908000044600F1FF3010D00D2A0ED00A4BB4F583
:10909000806F28BF4FF48064224601A918460AF069
:1090A000CEFE002202550120CFE719700028E4D13E
:1090B000CAE700BFF4190020900C002038B520B397
:1090C00019B3124A124C138824889BB2A4B21B1BFA
:1090D000DB43C3F30A03994217D80E4C01441388AB
:1090E00010F8015B9BB28842E554138803F1010339
:1090F000C3F30A031380F2D1BFF35F8FEFF3108441
:1091000072B6FFF7EFFE84F3108838BD961000208A
:109110009410002098100020F8B5204E3378002BD2
:109120003AD11F4D1F48204928604FF480534FF417
:10913000007202F0C7FB1D4F1D493860286802F01D
:109140006FFC044608B93B6833B904233370BDE8AB
:10915000F840184804F0FEB81749286802F0AEFC41
:109160001649286802F0F2FC4FF41650FFF702FF90
:10917000134B1C70FAF79CF9124B1860FAF798F928
:10918000114B186001231148337002F07DFABDE8DD
:10919000F8400F4804F0E4B8F8BD00BFEC19002017
:1091A000F0190020240C0020C40B0020F41900202A
:1091B000658F0208CE7103083D8F0208C18E020838
:1091C000A01800209C18002098180020A418002047
:1091D000E171030800487047A418002018B1034B40
:1091E000036008234360024B18787047F819002089
:1091F000EC19002070B5414D2C78012C29D0022C9F
:1092000054D0002C78D1FFF719FF70B101232B70D7
:109210003B4B3C4802221A700521224602F04BFAD1
:109220003948BDE8704004F09BB8FAF741F9374B74
:109230001B68C01A42F20F7398425DD93448FFF799
:1092400099FE02232B70FAF733F9324B186032483B
:10925000E7E7FFF7F3FE2F4E0546A0B1FFF7B0FE9C
:10926000FAF726F9264B30601A78022A06D0022235
:109270001A7005210022234802F01DFABDE8704053
:10928000204802F01BBAFAF713F93368C01AB0F598
:10929000FA7FF3D91A4B1A78022AEFD11C701F4BB0
:1092A00000221A605A6006212A46E4E7194CFAF7B0
:1092B000FFF82368C01AB0F5FA7F0AD9104B1A7864
:1092C000022A06D101221A700E480022042102F05F
:1092D000F2F9FFF7B3FE0028D0D0114805F0D0FC1A
:1092E000FAF7E6F8064B20601A78022AC6D0022266
:1092F0001A7003210022BEE770BD00BFA018002035
:10930000EC190020A4180020137203089C180020F8
:1093100080841E009818002048720308F819002065
:10932000900C00200FB400B5ADF20C4DDDF8102408
:109330001AB3164B1B78022B1FD10DF2144340F2C7
:10934000FE3101A800930AF0A1FB011E15DB40F2DB
:10935000FE33994217DC61B101AB0B4413F8013CB9
:109360000A2B06D001A84B1C0A2242540022C254E8
:10937000194689B201A8FFF7A1FE0DF20C4D5DF868
:1093800004EB04B0704740F2FF31E5E7A01800207D
:1093900030B129B1034B1B78022B01D1FFF78EBEF0
:1093A000704700BFA018002038B5114C2578EDB9E2
:1093B000104802F069F91C2229460F480AF018FCEF
:1093C00000F0D6F90D490E484FF4807202F02AF8E9
:1093D0000C490D484FF4807202F024F80B490C48F8
:1093E0004FF4807202F01EF80123237038BD00BFD5
:1093F000AC27002064260020482600200022002000
:1094000030260020001E002018260020001A002010
:1094100000260020014B1878704700BFAC270020C1
:10942000004870476426002008B5034628B9074B5A
:10943000074A0848512108F08FFD074A92E80300C7
:1094400083E80300054B187808BD00BF7F7203084E
:10945000F88803088F7203080C890308AC270020E2
:1094600010B52DED048B00F0D9F900F0C5F9294BAA
:109470000246002846D11978022905D00221197028
:109480003521254802F017F900F0A4F9B0EE409A12
:1094900000F0A6F9F0EE408A00F0A8F91F48204C31
:1094A000B0EE408AB0EE490A01F0D2FF1D48B0EE9E
:1094B000680A01F0CDFF1C48B0EE480A01F0C8FF71
:1094C000164884ED009AB0EE490AC4ED018A84ED95
:1094D000028A01F0BDFF134884ED030AB0EE680A6A
:1094E00001F0B6FF104884ED040AB0EE480A01F01E
:1094F000AFFFBDEC048B84ED050A0748BDE81040C2
:1095000002F0DCB81A78022ABED101221A70362184
:109510000022B6E7AC270020642600203026002079
:1095200048260020182600200026002020B105290A
:1095300028BF052100F066B970470023C0F8003449
:10954000A0F80434704703460846B3F80424B2F583
:10955000807F09D1C1B1B3F802240132D2B2A3F89D
:109560000224FF22A3F80424B3F8002403EB8201B1
:109570000132D2B281ED000AA3F80024B3F804242A
:109580000132A3F804240120704770B5034600257A
:10959000A8B2824203D9B3F80444013504B970BDBE
:1095A000B3F8020403EB80060130366841F8046B1F
:1095B000C0B2013CA3F80204A3F80444E8E70000A9
:1095C000EFF3108272B6054B18780021003818BFEF
:1095D0000120197002B962B6704700BFBC2B002091
:1095E00008B5044B01221A70F9F762FF024B1860AC
:1095F00008BD00BFBC2B0020B82B00200248002271
:109600000821FAF709BD00BF000C02400248012200
:109610000821FAF701BD00BF000C024013B58DF818
:1096200004008DF80510FFF7E9FF02231A4601A98F
:109630000448FDF7AFFA0446FFF7E8FF204602B002
:1096400010BD00BF8009002037B560F07F000D46D7
:109650008DF80700FFF7D2FF0A48022301220DF11F
:109660000701FDF797FA044630B9064802230122A4
:109670002946FDF73BFC0446FFF7C8FF204603B030
:1096800030BD00BF8009002013B500230DF1060195
:1096900075208DF80630FFF7D7FF10B1002002B01B
:1096A00010BD9DF80630472BF8D101211120FFF79E
:1096B000B5FF04460028F1D10220F9F7FFFE0DF1B5
:1096C00007012D208DF80740FFF7BEFF032114206E
:1096D000FFF7A4FF01460028E0D16420FFF79EFFBA
:1096E0000028DBD105215020FFF798FF0028D5D1B5
:1096F00003214E20FFF792FF04460028CED105201B
:10970000F9F7DCFE0DF1070152208DF80740FFF755
:109710009BFF40B99DF8071001F00F0141F0800157
:109720005220FFF77BFF00230DF1070153208DF836
:109730000730FFF789FF40B99DF8071021F00C01B1
:1097400041F004015320FFF769FF0220F9F7B6FE4C
:1097500008216520FFF762FF00289FD18DF80700E0
:109760000DF107012D20FFF76FFF012097E70000A3
:1097700038B5FFF789FF0446D8B10F49042001F03E
:109780000DFFF9F795FE0D4B002201241A60D860F9
:109790005A609A601C740A4B18600A4B0A480025EC
:1097A0001D700A4B1D60FFF7C8FE2846084B1C7051
:1097B00038BD4FF0FF30F9E7E19502085400002072
:1097C000B82B0020BD2B0020B0270020C02B00208C
:1097D000C42B0020014B93ED000A70475400002079
:1097E000014B93ED010A704754000020014B93EDAB
:1097F000020A704754000020014B187C704700BFDC
:10980000540000200A46014618B112B10248FFF781
:10981000BCBE0020704700BFB0270020F0B55A4DF5
:1098200085B0F9F745FE2B780446042B00F2AA8098
:10983000DFE803F0900380889200544B1B68C31A42
:10984000142B16D9524B00221A605A609A600122DA
:10985000D8601A74F9F72CFE001B01287AD94D4BF9
:1098600000221A70F9F724FE04232B704A4B18606B
:1098700070E0FFF7A5FE0028ECD09F238DF807309D
:10988000FFF7BCFE4548434E022301220DF10701BC
:10989000FDF780F9B8B1FFF7B9FE33780133DBB2D9
:1098A000022B8CBF00220222337088BF32703A4BE9
:1098B00093BF2A7003222A7004F1320288BF04F594
:1098C0007A721A60C6E735480223062202A9FDF71C
:1098D0000DFB0746FFF79AFE002FDED1BDF80830DA
:1098E0009FED2F7A2A4A2F48D460DBBA07EE903AD0
:1098F000BDF80A301774DBBAF8EEE77A00EE103ADA
:10990000BDF80C3067EE877ADBBAC2ED007A07EE5D
:10991000903AB8EEC00AF8EEE77A20EE070A67EE52
:10992000877A012182ED010AC2ED027AFFF70BFE70
:1099300037708FE7184B1B68C31A002B0ADB012313
:109940002B7007E0144A1368C31A002B02DB0423B0
:109950002B70106005B0F0BDFFF796FE30B9032301
:109960002B700D4B04F57A741C60F3E7F9F7A0FD3A
:109970000446FFF725FE054B054A1C600123D46011
:109980001374DDE70023DBE7C42B0020B82B002095
:1099900054000020BD2B0020C02B00208009002097
:1099A0000000003AB027002038B5074D2C7854B994
:1099B000064801F069FE064BC3E900449C6000F0D4
:1099C000D1F901232B7038BD1C2D0020D42B002091
:1099D000C82B0020014B1878704700BF1C2D0020B9
:1099E00000487047D42B002008B5034628B9074B20
:1099F000074A08484E2108F0AFFA074A92E80300E8
:109A000083E80300054B187808BD00BF7F72030888
:109A100014890308B8720308288903081C2D002044
:109A200010B500F003FB00F09BF90A4B0A4C013023
:109A3000187000F0DBFB84ED020A00F0DDFB84ED22
:109A4000010A00F0DFFB054884ED000ABDE8104084
:109A500001F034BE1C2D0020C82B0020D42B002088
:109A600003889FED197ADFED197A06EE103A06EEBB
:109A7000901AB8EE466AF8EEE66A27EE467AB0F932
:109A80000230A6EEA77ADFED127A67EEC67A9FED76
:109A9000116A05EE903AE6EE867AB0F9043000EEEF
:109AA000103A67EEA77AB8EEC00AF8EEE55A20EE53
:109AB000270AA7EE250A0AB182ED000ADFED067A31
:109AC00080EE270A704700BF0000803A000080380F
:109AD00000000039000000370000A045B0F90A304E
:109AE0009FED477A9FED476A9FED475AF6EE007A61
:109AF000A0EE277A06EE903AB0F90830F8EEE66A62
:109B000007EE903A66EE876AF8EEE77A66EE876AC5
:109B100067EE877AC388E6EE867AF7EE006A67EE2C
:109B2000867A06EE103AE7EE856AB8EE466A05EEEA
:109B3000901A26EE266AB5EE406AF1EE10FA5CD075
:109B4000B0F90C30DFED316A04EE903AB0F9103024
:109B5000F8EEE55A07EE903A76EEE56AB0F90E3087
:109B600067EE075AF8EEE77AF8EEE44A67EEA57A70
:109B700005EE903AF8EEE55A67EE857A25EE877A9B
:109B8000F0EE005AE7EE257AB0F91630B5EE007A1D
:109B900067EE877A9FED1E7ADFED1E5AE4EE877A34
:109BA000B0EE667AA7EEE57ADFED1B7ADFED1B6A91
:109BB00067EE277A07EE103A87EE860AB0F914307E
:109BC00007EE903AB8EEC77AF8EEE77A27EE007A19
:109BD00067EE807A27EE007A67EE857AB0F9123068
:109BE000E7EE267A07EE103AB8EEC77A77EE277AD4
:109BF0009FED0B7AA7EE870A70479FED0A0A704720
:109C000000007AC7000000360000003800008049DC
:109C100000008047000080390050C345000000303C
:109C20000000803D000000009FED307AB0F91E304A
:109C3000DFED2F5A9FED2F5A30EE476A07EE901A4C
:109C400007EE103AB0F92030F8EEE76A07EE903AE6
:109C5000FAEEC97AB8EEC77A67EE867AB0F91A30AA
:109C6000E7EE257AB7EE000A76EEE76A07EE903A5D
:109C700090F9223007EE103A037F05EE903AF8EEA5
:109C8000655AB8EEC77A65EE855A27EE057AB0EECA
:109C9000405AA5EE865A037E27EE067AB0EE406A59
:109CA000A7EE056AFAEEC87A07EE103A67EE867AF2
:109CB000B8EE477A67EEA67ADFED0F6A27EEC77A2D
:109CC000A7EE260A20EE270ADFED0C7AB4EEE70AAB
:109CD000F1EE10FA07DCB5EEC00AF1EE10FA01D58C
:109CE0009FED070A7047B0EE670A7047000096477D
:109CF0000000804200008032000000360000C842B0
:109D000000000000084B00221A70084B00F57A7220
:109D10001A60074A074B1360074A1360074A13602B
:109D2000074B1860704700BF422D0020442D0020D3
:109D30004C2D00200000C8C2502D0020542D0020C2
:109D4000482D002008B501220A23EC210348FAF728
:109D5000DFFDB0FA80F0400908BD00BFB808002060
:109D6000FFF7F0BF2DE9F04FA74BA84FA84E8FB0DB
:109D700000243C701C70F9F79BFB8DF81640306096
:109D8000FFF7E0FF60B93368A24A9DF81610A248B9
:109D900003F57A73136003F0DDFA0FB0BDE8F08FBE
:109DA00001240DF116034FF019080093EC21CDE9C1
:109DB00001489A482346D022FAF79AFC0146002827
:109DC000E1D19DF81630602BDDD106AD202228466A
:109DD00009F00EFF1823CDE900539048CDF8088014
:109DE00023468822EC21FAF783FC40B13368894A84
:109DF0008B4803F57A73136003F0ACFACDE70CAB34
:109E00000093CDE9014885482346A122EC21FAF7C9
:109E10006FFC0028EAD1072301930DF13103009371
:109E20007E48CDF808802346E122EC21FAF760FC59
:109E30000028DBD17B4BBDF81A205A80BDF81C20CE
:109E40009A80BDF820201A81BDF822205A81BDF8E1
:109E500024209A81BDF82620DA81BDF828201A82B4
:109E6000BDF82A205A82BDF82C209A82BDF82E20F7
:109E7000DA829DF830201A76BDF831205A839DF899
:109E800033201A779DF835209DF83400BDF818C0AE
:109E9000BDF81E40A3F800C002F00F01DC809DF861
:109EA00036E041EA00111209C00942EA0E121CBF55
:109EB0006FEA01516FEA1151100544BF6FEA025277
:109EC0006FEA12521A849DF83720D98383F8222032
:109ED000BCF1000F8AD0002C88D0B62301244FF0AB
:109EE000190A0DF117098DF81730CDE9014A4B48D1
:109EF000CDF800902346E022EC21FAF769FB30B15F
:109F00003368444A484803F57A73136074E7DFF80E
:109F10000CB18DF818004FF014080123CDE9014A67
:109F20000095F322EC215846FAF7E2FB9DF8183031
:109F300003F009031843C0B210B1B8F10108ECD125
:109F40004FF01908CDE901483448CDF800900123BD
:109F5000F222EC218DF81740FAF73AFB0028CFD116
:109F6000CDE901482D4800950123F222EC21FAF7B2
:109F7000BFFB0028C4D19DF818209DF817309A42E5
:109F8000BED110238DF81730CDE901482348CDF814
:109F900000900123F522EC21FAF71AFB0028AFD13B
:109FA000CDE901481D4800950123F522EC21FAF77F
:109FB0009FFB0028A4D19DF818209DF817309A42E5
:109FC0009ED157238DF81730CDE901481348CDF8BD
:109FD00000900123F422EC21FAF7FAFA00288FD13D
:109FE000CDE901480D4800950123F422EC21FAF750
:109FF0007FFB002884D19DF818209DF817309A42E5
:10A000007FF47EAF3C70C8E6432D0020422D002037
:10A01000482D0020442D0020E3720308B8080020DA
:10A020000B7303081E2D0020237303082DE9F04154
:10A03000604D88B0F9F73CFA2B7804464BB95E4B7B
:10A040001B68C31A002B4ADB08B0BDE8F041FFF7DC
:10A0500089BE5A4E3368C31AC72B40D9FFF772FE28
:10A06000B8B9574A13780133DBB2042B137040F2AE
:10A070009380514A287004F57A731360514A524B09
:10A080001360524A52481360524A136003F062F957
:10A0900082E0002304930A270423CDE9013704ABAF
:10A0A00000934D480123F222EC21FAF721FB0746E9
:10A0B000C0B99DF81030012B0BD19DF81130D80795
:10A0C00007D49DF81230572B03D19DF81330102B75
:10A0D00008D02046FFF716FE404803F03BF908B0D1
:10A0E000BDE8F0810022CDE9062206AB002F55D154
:10A0F00008220A21CDE90121009337480123F722E4
:10A10000EC21FAF7F5FA002848D19DF819509DF88E
:10A1100018309DF81C10BDF81E802D0145EA03354E
:10A120009DF81A3045EA13159DF81B30090141EAE4
:10A1300003319DF81D30B5F5002F41EA131109D008
:10A14000B1F5002F06D098FA98F81FFA88F8B8F5FC
:10A15000004F04D12046FFF7D5FD2148BDE700237D
:10A1600005AA20480593FFF77BFC1A4B1D4883ED99
:10A17000000A29469DED050AFFF7B0FC134B19486C
:10A1800083ED000A41469DED050AFFF74DFD0D4B9D
:10A1900083ED000A0A4B1F703460A0E7084A137869
:10A1A0000133DBB2042B1370F6D92046FFF7AAFD6A
:10A1B0000D486BE7422D0020442D0020482D002043
:10A1C000432D00204C2D00200000C8C2502D00203F
:10A1D00038730308542D0020B80800205873030872
:10A1E000867303081E2D0020B2730308014B93ED04
:10A1F000000A7047542D0020014B93ED000A704770
:10A20000502D0020014B93ED000A70474C2D00208B
:10A21000004870475C2D0020014B1878704700BF44
:10A22000A42E00202DE9F041234DA6B0F9F740F906
:10A230002B68C01A40F2DC5398420AD91F4B1A7897
:10A24000022A06D101221A701D4800223B2101F08A
:10A2500032FA1A4E1A4FDFF86C80032413A800F06C
:10A26000BBF910B3F9F724F933782860022B06D034
:10A27000022300223C213846337001F01CFA9DF87D
:10A28000523083B19DF85130022B0CD9BDF85630B5
:10A29000009342469DF85530402103A809F04EFB3B
:10A2A00003A804F0EDFC013CD8D1054826B0BDE878
:10A2B000F04101F003BA00BF582D0020A42E002069
:10A2C0005C2D0020D073030830B587B006F0F8FA93
:10A2D000A0F15003B3F5F66F054614D301A806F0BC
:10A2E000F9F9019B0B4840F2FF749C4228BF1C46C1
:10A2F000502C38BF50242946224603F034F820461B
:10A3000006F0E4FA2546284607B0BDE8304000F0E4
:10A310004BB900BFEB73030810B50C4C23789BB905
:10A320000B4801F0B1F9F9F7C3F80A4B18600123A3
:10A33000237000F095F808494FF4807001F02EF971
:10A34000BDE81040FFF7C0BF10BD00BFA42E002025
:10A350005C2D0020582D0020C9A5020848B141B14C
:10A36000054B1B78022B04D1402928BF402100F067
:10A3700023B90020704700BFA42E0020F0B5064688
:10A3800093B015460F4601B132B93148294602F063
:10A39000E1FF002013B0F0BD3C2A05D92D483C2236
:10A3A000294602F0DDFFF4E7D41C0021402202A878
:10A3B00009F01EFCE4B240F2D1132A4639460DF1F1
:10A3C0000B00ADF808308DF80A5009F038FD082C64
:10A3D0000DD90C2C2BD9102C2BD9142C2BD9182C93
:10A3E0002BD9202C2BD9302C8CBF0F240E240025E8
:10A3F000CDF80350009B8DF80750C6F30A0666F3AC
:10A400001C0300939DF8043044F0300423F03F0314
:10A4100004F03F04234302AA694628468DF804301D
:10A4200000F06EFC68B90C4802F094FFB1E7092413
:10A43000DDE70A24DBE70B24D9E70C24D7E70D245A
:10A44000D5E7284600F05BFB0028A3D10348EBE7E3
:10A45000187403083C740308647403088A740308BE
:10A4600030B5474D2C788FB0002C40F0868000F03E
:10A4700006FD6420F9F722F8CDE9024400F0FFFC64
:10A4800002A800F001FD03A800F0ECFC9DF80E30DE
:10A49000D80602D503A800F0EDFC00F0F0FC00F0B7
:10A4A000EFFD002861D0374802F05AFF364B099380
:10A4B0000423ADF8283040F60103ADF80430022340
:10A4C0004FF4507231498DF806302B23CDE9042327
:10A4D0004FF00723CDE90B134FF48073ADF8343000
:10A4E00007238DF8363000F0F5F804A800F014FDCD
:10A4F00005A800F0AAF909A800F073F901A800F076
:10A5000028F900F0EFFA0BA800F0B0F900F005F917
:10A51000012306A8069300F032FB07A91C4B079302
:10A52000002000F0FBFA1B4B089308A800F07AFC0F
:10A53000002000F0BFFC00F0E1FC0446C8B14FF47D
:10A54000006000F08FFD21460246134802F008FF2C
:10A55000002000F0AFFC00F00CFB104801232B7032
:10A560000FB0BDE8304002F0FBBE0D4802F0F2FE35
:10A570009CE70C4802F0F4FEEAE70FB030BD00BFE4
:10A58000A62E0020B074030804001000010010077C
:10A59000FF0710A8000400C8DC7403082D75030829
:10A5A000C474030816750308024BC0F30A00188030
:10A5B000704700BF68000020024B0A460146188819
:10A5C000FFF7DCBE68000020024A13780133DBB2DB
:10A5D00013707047A52E00202DE9F041044694B079
:10A5E00030B9374802F0B6FE002014B0BDE8F08163
:10A5F000344B1B78012BF7D1334A1378002BF3D05F
:10A600001378013BDBB2137068460023CDE90033B9
:10A6100000F028FC01A800F09FFA9DF800301A070E
:10A6200004D52A4802F096FE00F029FC9DF804307B
:10A63000DB0706D4019B002BD6D001A800F094FACA
:10A64000D2E7002601A8402700F08EFA3A463146AC
:10A6500004A8CDE9026609F0CBFA04AA02A93046A3
:10A6600000F0A8FA04F109080546432231464046A5
:10A6700009F0BEFA029B6571C3F31C0323609DF8C9
:10A680000E30C3F303022271C3F34012C3F300136D
:10A69000E3719DF80B30A271C3F38013BD422372A6
:10A6A00006D929460A483A4602F054FE3D466771EB
:10A6B0002A4604A9404609F0C2FB012095E700BFE5
:10A6C00040750308A62E0020A52E00205E75030805
:10A6D0006D75030838B541F2180000F0C3FC00F0B6
:10A6E0000303032B01D1012038BD20F01B000524FA
:10A6F00040F00305294641F2180000F071FC41F2D8
:10A70000180000F0AFFC00F003000328EBD0013C80
:10A7100014F0FF04EED12046E6E710B541F2180030
:10A7200000F0A0FC820701D4012010BD052420F018
:10A730001B0141F2180000F053FC41F2180000F038
:10A7400091FC8307F0D5013C14F0FF04EFD12046C3
:10A75000EBE738B544788378027804F03F04022CA4
:10A7600038BF022403F01F03212C28BF2124012B12
:10A7700038BF012302F03F02102B28BF1023012A0B
:10A7800038BF0122202A28BF2022013B013A1D01A7
:10A7900045EA02451D43A31E45EA032545F400058D
:10A7A000294641F20C0000F01BFC41F20C0000F0C5
:10A7B00059FC854201D0002038BD013C24022146CD
:10A7C00041F2480000F00CFC41F2480000F04AFC65
:10A7D0008442F0D14FF48150022100F001FC0120AD
:10A7E000EAE70388C3F30903012B38BF0123B3F55C
:10A7F000007F28BF4FF400735A1E4388C3F3080339
:10A80000022B38BF022340F201118B4228BF0B46B6
:10A8100010B59C1E0379022B38BF0223802B28BF62
:10A8200080232402013B44EA02441C4344EA43647B
:10A83000214641F21C0000F0D3FB41F21C0000F065
:10A8400011FC231A5842584110BD10B5046804F099
:10A850003F0421464FF4845000F0C2FB4FF4845073
:10A8600000F000FC231A5842584110BD2DE9F04772
:10A870000478802C064611D894B12704394641F259
:10A880008400964D00F0ACFB41F284002F6000F094
:10A89000E9FB874206D00020BDE8F0878024ECE782
:10A8A0002746EBE7777807F07F07402F4FEA8404CD
:10A8B00000F2F780002F00F0F68044EA0748414696
:10A8C00041F2880000F08CFB41F28800C5F804805A
:10A8D00000F0C8FB8045DED196F8029009F07F09B0
:10A8E000B9F1400F04EBC70400F2DF80B9F1000FAB
:10A8F00000F0DE8044EA094848F00048F378784FD9
:10A9000003F0070341464FF4855017F803A000F009
:10A9100067FB4FF48550C5F8088000F0A3FB804525
:10A92000B9D10AF1080A09FB0A4496F8049009F023
:10A930007F09B9F1400FA4B200F2BC80B9F1000F59
:10A9400000F0BB8044EA0948737903F007034146ED
:10A9500041F2B00017F803A000F042FB41F2B00052
:10A96000C5F80C8000F07EFB804594D10AF1080AFE
:10A9700009FB0A4496F8069009F07F09B9F1400FE7
:10A98000A4B200F29C80B9F1000F00F09B80A046B9
:10A99000F37903F00703414641F2AC0017F803A036
:10A9A00000F01EFB41F2AC00C5F8108000F05AFB2D
:10A9B00080457FF470AF96F808800AF1080A08F025
:10A9C0003F0809FB0A44B8F1200FA4B27CD8B8F1C3
:10A9D000000F7CD044EA0849494641F2F00000F0FB
:10A9E000FFFA41F2F000C5F8149000F03BFB8145FE
:10A9F0007FF451AF96F8099009F03F0904EBC804C1
:10AA0000B9F1200FA4B264D8B9F1000F64D044EAC0
:10AA1000096848F08048B37A03F0070341464FF4D1
:10AA20008650FF5C00F0DCFA4FF48650C5F81880C1
:10AA300000F018FB80457FF42EAF083709FB074470
:10AA4000A4B248F601039C423FF625AF7479F3792E
:10AA500004F0070403F00703240144EA0324F37815
:10AA600003F007031C43214641F2BC0000F0B8FA92
:10AA700041F2BC00EC6100F0F5FA84427FF40BAFC8
:10AA8000B47A04F00704214641F2C80000F0A8FAA5
:10AA900041F2C8002C6200F0E5FA231A58425841EE
:10AAA000FAE6402709E7B84609E74FF0400921E7F1
:10AAB000C84623E74FF0400944E7C84644E74FF053
:10AAC000400964E7C84663E74FF0200882E7C146C3
:10AAD00082E74FF020099AE7C8469CE7A82E00209D
:10AAE0003089030810B54FF4004420460434002197
:10AAF000A4B200F075FAB4F5084FF6D110BD1F28C6
:10AB000010B508D8012404FA00F141F2D00000F099
:10AB100067FA204610BD0020FCE7000038B50D4B59
:10AB20001C68C4F3074383420D4610D3A4F50044C8
:10AB300004EB8004A4B20968204600F051FA2046D4
:10AB400000F090FA2B681B1A5842584138BD00207B
:10AB5000FCE700BFA82E002010B5044641F25000CB
:10AB600000F080FA206010BD016841F2500000F052
:10AB700037BA4FF0FF3141F2500000F031BA08B55A
:10AB8000016841F2540000F02BFABDE808400121B1
:10AB900041F25C0000F024BA082807D90F2804D835
:10ABA000034B034413F8090C70470020704700BFA3
:10ABB0003889030801282DE9F84F07468A46904650
:10ABC00000F0888041F2A40000F04CFA410603D165
:10ABD00000263046BDE8F88F474B1C89DB69C0F37F
:10ABE000052584F4004403F00703444A12F803B037
:10ABF0000BF1080303FB0544A4B20221204600F038
:10AC0000FBF900F01BFAC0F34073C0F380725B01E4
:10AC100043EA8213C20F43EAC2139AF8032002F0F8
:10AC20001F0213438AF803305B06DAF800304CBF8A
:10AC300020F06040C0F38A4060F31C03CAF8003083
:10AC400000F0FCF9814600F018FAC9F30662C9F376
:10AC5000054343EA02234FEAD97243EAC233BAF802
:10AC60000620AAF8049002F0C0021343AAF80630A6
:10AC7000C9F30340FFF790FF584528BF584610F02E
:10AC8000FF061DD004F10800F11C890880B200F015
:10AC9000B3F9002414F0030A02D100F0CFF9814681
:10ACA0004FEACA0A29FA0AFA08F804A00134E4B201
:10ACB000B44228BF3446B442ECD300F0DEF9264655
:10ACC000012F294614BF41F2A80041F2B80000F05C
:10ACD00087F97EE741F2B40000F0C4F942063FF480
:10ACE00077AF054B9C89DB69C0F3052584F40044EC
:10ACF000C3F3021379E700BFA82E002030890308B0
:10AD0000F8B50C46444906468869C0F30543202B34
:10AD100028BF20231546C0F30562202A94BF9B1844
:10AD20002033B34275D90B6A3C4903F00703A0F501
:10AD30000042CB5C20790833DBB213FB06F300F052
:10AD40000F0013FA82F2FFF727FF00F108018307D3
:10AD5000C1F3870192B218BF0131104618BFC9B2C2
:10AD600000F004F9E37813F0400F08BF2C4A4FEAD3
:10AD70000360236800F0604014BFC3F31C0302EAC1
:10AD80008343184300F014F9237960791B0403F41A
:10AD90003F0343EA006000F00BF9207900F00F0058
:10ADA000FFF7FAFE00230446A34204D300F010F993
:10ADB0000120B040F8BDE21A032A15DCEF1800208C
:10ADC00003F0030117F8012B0133C900DBB28A40FD
:10ADD0009C4240EA0200F3D100F0EAF82746A7427D
:10ADE00028BF2746FBB2DFE75A1CD2B21F1DA95C61
:10ADF0009A1CD2B2FFB2AA5C120442EA0122E95CB8
:10AE00000333DBB20A43E85C42EA006000F0D0F8AA
:10AE1000E5E70020CEE700BFA82E00203089030818
:10AE20000000FC1F10B504464FF4006000F01AF952
:10AE300023680A4919400A4B0340194341F0200492
:10AE400021464FF4006000F0CBF84FF4006000F0B2
:10AE500009F9231A5842584110BD00BF0EEFCFC860
:10AE6000F110113710B504464FF4026000F0FAF803
:10AE7000206010BD01684FF4026000F0B1B84FF0DF
:10AE8000FF310C2000F0ACB810B5016804464FF457
:10AE9000036000F0A5F84FF4036000F0E3F82368C6
:10AEA000434003481840B0FA80F0400910BD00BF8D
:10AEB00000D7697F38B505464FF4006000F0D2F83E
:10AEC000012D20F0C00414D0022D02D0A5B944F009
:10AED000800421464FF4006000F082F84FF40060D7
:10AEE00000F0C0F8604010F0C00F0CBF012000203F
:10AEF00038BD44F04004ECE70020F9E708B54FF412
:10AF0000006000F0AFF810F0C00003D0803818BF28
:10AF1000012008BD0220FCE738B5046824F4406431
:10AF200024F00B042404240C44F0030421460546B9
:10AF300041F2180000F054F841F2180000F092F8C5
:10AF40004FF2E43344401C420CD12A7800F0100345
:10AF5000C2F30012934207D0FFF7D0FF431E5842BE
:10AF6000584138BD0020FCE70120FAE737B5044618
:10AF70000D460D4800224FF48051F9F74DF861233A
:10AF80008DF804300422230A8DF805300DEB020100
:10AF90004FF47A7305488DF806408DF80750FBF79B
:10AFA000F9FD03B030BD00BF00040240D809002005
:10AFB00007B5042200BA01904FF47A730DEB020139
:10AFC0000248FBF7E7FD03B05DF804FBD809002059
:10AFD000024801224FF48051F9F71EB800040240E4
:10AFE00010B50C460121FFF7C1FF2046FFF7E0FF37
:10AFF000BDE81040FFF7ECBF37B504460D460D48DD
:10B0000000224FF48051F9F707F841238DF80430FE
:10B010000422230A8DF805300DEB02014FF47A73F8
:10B0200005488DF806408DF80750FBF7B3FD03B0D7
:10B0300030BD00BF00040240D809002037B5084DDC
:10B04000002401A921444FF47A73012228460134D7
:10B05000FBF74CFF042CF4D1019800BA03B030BDCB
:10B06000D809002010B50121FFF7C6FFFFF7E6FF62
:10B070000446FFF7ADFF204610BDFFF7A9BF000053
:10B0800010B50020FFF7EEFF04460420FFF7EAFFAB
:10B09000E3B2542B0AD1C4F30723432B06D1C4F3E4
:10B0A0000743412B02D1230E4E2B07D0044B9C4269
:10B0B00004D00448231A5842584110BD0120FCE72F
:10B0C0004E4143545443414E13B50446C0F80C124C
:10B0D00019B9C0F8101202B010BDC0F81022002A31
:10B0E000F9D000F10C0392000021184608F080FD11
:10B0F000012200920346D4F80C22B4F81012204624
:10B1000006F0A8FCE7E710B50446C0F8301211B904
:10B11000C0F8341210BD12B9C0F83422FAE7022A7E
:10B1200028BF022200F50873C0F834220021D200A3
:10B13000184608F05DFDD4F8302294F83412034626
:10B1400004F50570BDE8104006F0FABE10B50649DA
:10B1500029220446FFF7B8FF002220461146BDE829
:10B160001040FFF7D0BF00BF4089030800B52DEDA8
:10B17000028BD0F8103285B08DED030AABB39FED92
:10B18000238AF0EEC07AF4EE487AF1EE10FA33D862
:10B19000DFED1F7AB4EEE70AF1EE10FA2FDCDFEDF7
:10B1A0001D7AB4EE670AF1EE10FA48BFB0EE670AF6
:10B1B000012303AA01A98DED010A06F05DFCDDED76
:10B1C000037AB0EEE77AB4EE487AF1EE10FA19D8C5
:10B1D000DFED116AB4EE667A9FED107AF1EE10FAA7
:10B1E000C8BFF0EE477ACDED037A9DED030A05B0B6
:10B1F000BDEC028B5DF804FB9FED080AD8E7B0EECA
:10B20000670AD5E7DFED057AEDE700BFFFFF7F7F37
:10B210008096184B809618CB20BCBE4C00000000D6
:10B2200038B5044628B9134B134A2321134806F0B6
:10B2300093FECB1E612B03D9114B0F4A2421F5E756
:10B2400000230025C0F82C33C0F820134FF4C87237
:10B250002946C0E9C95508F0CBFC4FF4C87229460D
:10B26000A01808F0C5FC012384F83033054BC4F85E
:10B27000343338BD8B750308128A030896750308AA
:10B28000C17503089A99993E08B528B9044B054A37
:10B2900005485F2106F060FE90EDCB0A08BD00BFB7
:10B2A0008B750308E4890308967503082DE9F843B4
:10B2B00000285AD0002958D0B5EEC00AF1EE10FA95
:10B2C00037D9F7EE007AB4EE670AF1EE10FAC8BF8C
:10B2D000B0EE670A07EE901AF8EE677A67EE807AAA
:10B2E000FCEEE77A17EE905A012D38BF01251ABB04
:10B2F000A94203D34A1BAB18994200D28D1A00EB26
:10B30000820614464FF000084FF00009AF18BC4207
:10B310001DD355B32846F5F705F902460B464046BE
:10B320004946F5F7A3FAF5F76FFC00EE100ABDE801
:10B33000F8839FED0F0ACDE7022A04D0A94204D377
:10B340004A1B5208D7E70022D5E70022D6E756F875
:10B35000040BF5F709F902460B4640464946F4F757
:10B36000A5FF013480468946D1E79FED020ADEE75A
:10B370000AD7233C0000000070B5044628B9264BCC
:10B38000264A27484B2106F0E7FDD0E9C812D0F83D
:10B3900028338A423BBF501CC4F8240304EB8302C9
:10B3A00004EB8202013382ED000AB3FBF1F201FBF0
:10B3B0001233D4F82423C4F8283304F5C875920056
:10B3C0002146284608F03BFDD4F8241304F5CA7042
:10B3D0000122914209D894EDCD0A94F830232846F1
:10B3E000FFF764FF84EDCB0A70BDD0ED007A531EE9
:10B3F000064636ED017AF4EEC77AF1EE10FA03D57F
:10B40000013B86ED017AF4D205EB8303C3ED017AAB
:10B4100001320430DDE700BF8B750308FB890308A8
:10B4200096750308034630B4084673B169B162B13A
:10B43000C3E90012002400250021C3E90445C3E943
:10B44000021130BC920008F0D3BB30BC7047000042
:10B450002DE9F04710EE10AA0446002854D00368E6
:10B46000002B51D04568002D4ED0D0F8088003EB5A
:10B470008809D9F80000F5F777F802460B46F5F78A
:10B48000CBF802460B46D4E90401F4F70DFFC9F8E6
:10B4900000A0064650460F46F5F766F802460B46F2
:10B4A000F5F7BAF83B463246F4F700FF08F101031E
:10B4B0009D4298BF0023A360E3689D4284BF01338F
:10B4C000E360E3689D4228BF1D4607EE905AF8EE00
:10B4D000677A0646F5EEC07A0F46F1EE10FAC4E937
:10B4E000046711D917EE900AF5F73EF802460B46AD
:10B4F00030463946F5F7BAF9F5F786FBBDE8F0476F
:10B5000000EE100A0AF090BF9FED010ABDE8F08737
:10B5100000000000DFED0B7AB4EEE70AF1EE10FA5E
:10B520000DD4DFED097AB4EE670AF1EE10FAC8BF68
:10B53000B0EE670A002380ED000A43607047B0EE6A
:10B54000670AF7E7ACC5273777BE7F3F0023436024
:10B550007047000090ED017A9FED0C6AD0ED006A13
:10B5600070EE477AF4EEC67AF1EE10FA06D59FED4A
:10B57000086AF4EEC67AF1EE10FA03DCA6EEA77ABA
:10B58000B0EE470A80ED010A704700BF17B7D13807
:10B5900017B7D1B890ED010A7047000010B5064CFE
:10B5A0002378092B07D8054A22F8330002EBC3029F
:10B5B00001335160237010BDCC2E0020D02E00200E
:10B5C000F8B50A4F0A4E054600243A78E3B29A428B
:10B5D00000D8F8BD36F83320AA4204D106EBC303E5
:10B5E0005B6803B198470134EFE700BFCC2E002021
:10B5F000D02E0020FFF7E4BF3F289ABF024B53F83C
:10B6000020000248704700BF248A0308ED75030834
:10B610000023A0F8A03080F8A230704770B590F8F1
:10B62000A240132C13D890F8A13000EBC30600F809
:10B6300033107260013314220134B3FBF2F102FBC8
:10B64000113380F8A13080F8A240012070BD0020A5
:10B65000FCE730B590F8A24003460D4694B190F84F
:10B66000A02000EBC20103C9013285E803001421C8
:10B67000013CB2FBF1F001FB102283F8A24083F8F9
:10B68000A0200124204630BD002380F8A030A43043
:10B69000FFF7BEBF10B590F8A030132B9FBF00EB93
:10B6A000C30440F833100133626096BF80F8A030C5
:10B6B0000020012010BDA430FFF7B0BF73B50446D1
:10B6C00000F1A40669463046FFF7C3FF90B902B007
:10B6D00070BD04EBC30054F8333023B1019A9DF8D8
:10B6E000001040689847013594F8A020EBB29A42C8
:10B6F000EFD8E7E70025F7E70023C38001608280E9
:10B7000003817047C38882889BB2013310B5B3FBB5
:10B71000F2F402FB143302899BB292B29A421DBF2B
:10B72000C288046892B200201EBFA154C3800120C9
:10B7300010BDC288038992B29BB29A4210D003898D
:10B7400002689BB2D35C0B70038982889BB2013381
:10B75000B3FBF2F102FB11339BB20381012070476E
:10B7600000207047F8B50D46044608B90020F8BD22
:10B770000029FBD0002AF9D0038900279BB2481E7C
:10B78000013ABA42F2D9E18889B29942EED02168F1
:10B79000A688C95C00F8011F01330A29B3FBF6FC37
:10B7A00006FB1C339BB207F10107EAD1002604E037
:10B7B000A9192046FFF7BDFF0136BE42F8D100238C
:10B7C000AB550120D3E7000010B580B1436873B1D9
:10B7D000836863B1084A002312F83310DC0039B9DA
:10B7E000064A42F833001319012299809A7110BD5C
:10B7F0000133142BF0D1FAE7262F0020202F002050
:10B80000F8B500250C4C06462F46A3796BB122688B
:10B810001378B34209D1A388916801339BB28B425C
:10B82000A38002D35368A78098470135142D04F1F3
:10B830000804EAD1F8BD00BF202F002070B5084CE5
:10B8400006460025A3792BB123681A78B24201D1AC
:10B850005B6898470135142D04F10804F2D170BDDE
:10B86000202F00200A4A03681268934202D1002068
:10B87000FFF7C6BF074A1268934201D10120F7E7DC
:10B88000054A1268934201D10220F1E7704700BFD8
:10B890008C0A0020D40A00201C0B0020074A0368F1
:10B8A0001268934202D10220FFF7C8BF044A12680F
:10B8B000934201D10120F7E7704700BF1C0B002025
:10B8C000D40A00202DE9F0410646884601201C21BB
:10B8D0001F46154606F066FB01210446C0E90068D4
:10B8E00087828581384606F05DFB0121206128466C
:10B8F00006F058FB2A460146A0603046FCF79CFD46
:10B9000063681A68136823F0080313602046BDE8D3
:10B91000F081C28A2DE9F041B0F8148002830D460F
:10B92000044657190069A168474510441EDDA8EB7D
:10B93000020296B2324608F082FAA168206900231A
:10B94000AA1B2383314408F07AFAA7EB0807BDB29B
:10B95000A289A1682068E582FCF76EFD63681A6819
:10B96000136823F008031360BDE8F0812A4608F04D
:10B9700066FA238B1D44ADB2EAE710B5044658B110
:10B98000006848B1A289A168FCF756FD63681A688F
:10B99000136823F00803136010BD428BC18A9142E3
:10B9A00010B503460CD00469A05C40B1511C59830A
:10B9B0000021A1545C8B9A8A944200D1598310BD16
:10B9C0000020FCE72DE9F0410D46074630B329B3CE
:10B9D000012A23D901F1FF380024561EA6420AD9B4
:10B9E0003846FFF7DAFF0A2808F8010F04F10104CE
:10B9F00001D00028F2D10023A6422B550BD82544B4
:10BA000015F8013C0A2B06D03846FFF7C6FF0A2876
:10BA100001D00028F8D12046BDE8F0810024FAE7E3
:10BA2000F0B5F8B1F1B1114C114E23780022D5B226
:10BA3000AB420AD8042B15D00E4A42F8330002EB71
:10BA4000C30201335160237008E0551C56F835706D
:10BA5000874205D1074B03EBC20359600020F0BDBC
:10BA60002A46E4E74FF0FF30F9E700BF0830002036
:10BA7000043000200C3000202DE9F041DFF8348044
:10BA80000B4F04460E46002598F80020EBB29A4270
:10BA900001D8BDE8F08157F83320A24206D107EB68
:10BAA000C3035B6813B13146204698470135EBE785
:10BAB0000C30002008300020FFF7DEBFF0B5F8B1F1
:10BAC000F1B1114C114E23780022D5B2AB420AD805
:10BAD000042B15D00E4A42F8330002EBC3020133A7
:10BAE0005160237008E0551C56F83570874205D127
:10BAF000074B03EBC20359600020F0BD2A46E4E780
:10BB00004FF0FF30F9E700BFE42F0020E02F0020C6
:10BB1000E82F0020F8B50A4F0A4E044600253A786F
:10BB2000EBB29A4200D8F8BD56F83320A24205D1B4
:10BB300006EBC3035B680BB1204698470135EEE77F
:10BB4000E42F0020E82F0020FFF7E4BFF0B5F8B1A4
:10BB5000F1B1114C114E23780022D5B2AB420AD874
:10BB6000042B15D00E4A42F8330002EBC302013316
:10BB70005160237008E0551C56F83570874205D196
:10BB8000074B03EBC20359600020F0BD2A46E4E7EF
:10BB90004FF0FF30F9E700BFC02F0020BC2F00207E
:10BBA000C42F00202DE9F041DFF834800B4F04460C
:10BBB0000E46002598F80020EBB29A4201D8BDE865
:10BBC000F08157F83320A24206D107EBC3035B682C
:10BBD00013B13146204698470135EBE7C42F0020CA
:10BBE000C02F002033B468B10468416C0022019278
:10BBF0002568019564680194019C426402B030BCE0
:10BC0000FFF7D0BF02B030BC7047000009490A7886
:10BC100072B90948D0F8FC3043F08073C0F8FC30AA
:10BC2000064B5A601A6842F001021A6001230B7039
:10BC3000704700BF2C30002000ED00E0001000E055
:10BC400010B50446FFF7E2FF064B074A1B68B3FB3B
:10BC5000F2F3064A516804FB03F053685B1A83420F
:10BC6000FBD310BD4800002040420F00001000E050
:10BC7000EFF31083036072B67047036883F3108894
:10BC800070470000014B01221A70704744300020B9
:10BC9000012202481146F8F7BFB900BF000C02406C
:10BCA000024800220121F8F7B7B900BF000C02409A
:10BCB00038B505460824EB0710D5FFF7F1FF06203D
:10BCC000FFF7BEFFFFF7E4FF4020013CFFF7B8FF9E
:10BCD00014F0FF044FEA5505EDD138BDFFF7E0FF42
:10BCE0003C20FFF7ADFFFFF7D3FF0A20EDE7000090
:10BCF00010B5FFF7D5FF4FF4F070FFF7A1FFFFF786
:10BD0000C7FF4620FFF79CFF01210648F8F77EF9A0
:10BD100004464FF4CD70FFF793FF601E18BF01205B
:10BD200010BD00BF000C024010B5164B9FED160A67
:10BD300086B01860154B164800241C70154B1C70FB
:10BD4000FFF7E8FB11220123CDE9013212480393EA
:10BD500001A9022304930594F7F7F2FFFFF798FF78
:10BD6000FFF7C6FF044628B90C4801F0F6FA204652
:10BD700006B010BD0A48FFF727FD0A4801F0F0FAA7
:10BD8000F5E700BF383000209A99193E4530002071
:10BD90003030002044300020000C0240897B030832
:10BDA0006C000020B47B03082DE9F04F4A4B1A7851
:10BDB00085B012B3DFF8408100241C70F7F778FBE0
:10BDC00098F80030064623B1012B19D088F80040BE
:10BDD00013E0FFF78DFF28B9404805B0BDE8F04FEC
:10BDE00001F0BBBACC20FFF763FF4420FFF760FFF0
:10BDF0003B4B1E60012388F8003005B0BDE8F08F92
:10BE0000374B1B68C31AB3F5487FF6D3FFF770FFB3
:10BE100000284DD0CC20FFF74BFFBE20FFF748FF96
:10BE20000DF1040AD3460027B946FFF739FF062073
:10BE3000FFF706FFFFF72CFF0920FFF701FF0121A5
:10BE40002848F8F7E3F805463720FFF7F9FE012DFB
:10BE500004BFBD4049EA050507F1010708BF5FFAC5
:10BE600085F9082FE1D10134E4B2092C0BF8019BCC
:10BE7000D9D100231A461AF8014B082184EA03009D
:10BE800040F3000020F07300013980EA530311F001
:10BE9000FF01DBB24FEA5404F0D10132D2B2082ADA
:10BEA000E9D19DF80C209A4204D00F4801F055FAD0
:10BEB0000023A0E7BDF904300C4800EE103ABAEEBA
:10BEC000CE0AFFF747FB0A4B1E600A4B1B68002B8C
:10BED000EED09847ECE700BF44300020E27B030837
:10BEE00040300020000C0240167C03083030002057
:10BEF0003C300020383000204530002008B5F7F7EE
:10BF0000D7FA074B1B68C01A40F6B833984204D8DA
:10BF1000BDE808400348FFF73DBB9FED030A08BD9D
:10BF20003C300020303000200000C8C2014B01220C
:10BF30001A7070474630002073B500228DF8060055
:10BF40000221054613488DF80720F8F765F84FF4ED
:10BF50007A7301220DF106010F48FAF71BFE4FF428
:10BF60007A73044601220DF107010B48FAF7BEFF70
:10BF700006463443074801220221E4B2F8F74CF8A0
:10BF80001CB10648294601F0E5F99DF8070002B00A
:10BF900070BD00BF000C0240300A0020417C030845
:10BFA00013B580238DF8050000220D488DF804306C
:10BFB0000221F8F731F8022201A90A484FF47A73F6
:10BFC000FAF7E8FD0122044602210548F8F724F8B3
:10BFD0001CB10548002101F0BDF902B010BD00BF41
:10BFE000000C0240300A00206A7C030808B528B91A
:10BFF000124B134A1348752105F0AEFF124B9FED0B
:10C00000130A18601248FFF785FA0A211148FFF752
:10C0100007F9C220FFF7C4FF0120F7F74FFA00200D
:10C02000FFF78AFFFF2804D10B4801F096F90020A2
:10C0300008BD0A48FFF7C8FB0120F9E7947C030814
:10C04000248B0308A57C030848300020CDCCCC3DD0
:10C050008833002050300020DC7C0308780000206A
:10C0600010B54B4B1A782DED048B002A00F08C8014
:10C07000002201201A70FFF75FFF04460220FFF73D
:10C080005BFF444BD3ED007AF5EEC07AF1EE10FA87
:10C0900077D940EA0420431008EE103AB8EEC88A77
:10C0A000DFED3D8A9FED3D7A9FED3D0A28EE278A20
:10C0B000DFED3C7A28EE278AB7EE009AC8EE287AA0
:10C0C00079EE677AA7EEC70A0AF0AEF99FED366AF5
:10C0D0009FED365A70EE467A87EE850AB5EEC00AB5
:10C0E000F1EE10FA38DA9FED320ADFED322ADFED99
:10C0F000325ADFED323ADFED324A0A23B1EE003A2E
:10C10000B0EE497AA0EE067A013B60EE227A20EE8C
:10C11000034AA0EE277A70EE687A63EEC06A67EE93
:10C12000A57AE0EE046A67EE807A76EEA46A67EE9E
:10C13000807AA0EE277AF0EE467AE0EE057AE6EE17
:10C14000A57AF0EE486AE7EE686A67EEA87A86EEAE
:10C15000A77A30EE070AD3D11A48FFF70DF919482C
:10C16000FFF792F81848FFF7F5F9F7F7A1F9174B21
:10C170001860174B1B683BB1BDEC048BBDE8104049
:10C1800018479FED140AE7E7BDEC048B10BD00BF14
:10C1900046300020840000200000C8427F051BB606
:10C1A00066228037000000383211803B7F059BB546
:10C1B000000048C27F051BB51D2D93AC000016443E
:10C1C0000060EA4650300020883300204C300020C8
:10C1D000483000200000C8C208B5F7F769F9074BDE
:10C1E0001B68C01AB0F5FA6F04D8BDE808400448CF
:10C1F000FFF7D0B99FED030A08BD00BF4C30002007
:10C20000883300200000C8C2DFED0E7AB0EEC07A9D
:10C21000B4EE677AF1EE10FA12D8F2EE047AB4EEC8
:10C22000E70AF1EE10FA0BD4DFED077AB4EEE70A75
:10C23000F1EE10FA04DC054B012083ED000A704793
:10C2400000207047FFFF7F7F00007A4484000020B9
:10C2500010B5F7F72DF90F4B18600F4B1A78022A1B
:10C2600006D002221A700D4800220721FFF723FA98
:10C270000B4C2378012B0AD1FFF7AEFF2378022B5A
:10C2800001D1FFF73BFE074B83ED000A10BD9FED88
:10C29000060AF3E790330020E034002098330020B2
:10C2A000E1340020943300200000C8C270B5104E65
:10C2B000357895B90F48104CFFF7E6F90F4B104849
:10C2C0001D602570FFF792FE40B101232370F7F740
:10C2D000EFF80C4B18600123337070BD2378002BEE
:10C2E000F5D10748FFF720FD0028F0D00223EDE745
:10C2F000E034002098330020E13400209433002003
:10C3000051C2020890330020014B1878704700BFDB
:10C31000E0340020004870479833002008B50346F9
:10C3200028B9064B064A07486E2105F015FE064A55
:10C3300092E8030083E80300022008BD7F7203082F
:10C34000328B0308227D03084C8B030838B51C4D43
:10C35000F7F7AEF82B68C31AB3F57A7F044613D902
:10C36000184B1A78012A06D001221A7016480022AA
:10C370000921FFF7A0F92B68E41A42F210739C42DE
:10C3800082BF124B124A1A60124B134C1978227852
:10C3900039B10021012A197008D104F069FAFFF7B8
:10C3A00033FF2378012B01D1FFF75AFE2378022BAC
:10C3B00001D1FFF7F9FCBDE838400348FFF77EB92B
:10C3C00090330020E0340020983300209433002084
:10C3D0000000C8C288000020E1340020014B012287
:10C3E0001A7070478800002010B5094C4FF4804146
:10C3F0002046F7F716FE074800224021F7F70CFE0B
:10C4000020460022BDE810404FF40041F7F704BE7B
:10C41000000C02400008024010B5094C09484021B8
:10C42000F7F7FFFD204600224FF48041F7F7F4FDB7
:10C4300020460022BDE810404FF40041F7F7ECBD64
:10C44000000C02400008024010B5094C4FF40041B6
:10C450002046F7F7E6FD204600224FF48041F7F72B
:10C46000DBFDBDE81040034800224021F7F7D4BDB2
:10C47000000C02400008024038B54FF480411148DA
:10C48000F7F7C4FD402105460F48F7F7BFFD012D22
:10C4900016D1441E18BF0124E4B2224609484FF4C5
:10C4A0008041F7F7B9FD224607484021F7F7B4FD70
:10C4B000BDE83840034800224FF40041F7F7ACBD17
:10C4C0000124E9E7000C02400008024038B5402191
:10C4D0001148F7F79BFD4FF4004105460F48F7F769
:10C4E00095FD012D16D1441E18BF0124E4B2224649
:10C4F00009484021F7F790FD224608484FF40041D3
:10C50000F7F78AFDBDE83840044800224FF4804127
:10C51000F7F782BD0124E9E700080240000C024061
:10C5200038B54FF480411248F7F770FD4FF40041E1
:10C5300005460F48F7F76AFD012D16D1441E18BFB6
:10C540000124E4B222460A484FF48041F7F764FD23
:10C55000224607484FF40041F7F75EFDBDE838403A
:10C56000044800224021F7F757BD0124E9E700BF46
:10C57000000C02400008024038B54FF480411648D4
:10C58000F7F744FD402104461448F7F73FFD4FF408
:10C59000004105461048F7F739FD012C18D1012D4F
:10C5A00018D1013818BF0120C4B222460A484FF4FE
:10C5B0008041F7F731FD224608484021F7F72CFD6E
:10C5C00022460548BDE838404FF40041F7F724BD46
:10C5D0000120E9E72046E7E7000C0240000802409E
:10C5E000024801224FF40051F7F716BD000C02403B
:10C5F00008B5044B01221A70F6F75AFF024B186077
:10C6000008BD00BFF0340020F434002073B50F4E95
:10C610000D460446002230461021F7F7FDFC0023AA
:10C620008DF8053001A94FF4967344F050040322AD
:10C6300007488DF804408DF80650FAF7ABFA01224E
:10C6400010213046F7F7E8FC02B070BD0000024050
:10C65000300A002013B50B4C8DF80700002220464D
:10C660001021F7F7D9FC4FF496730DF10701012261
:10C670000548FAF78FFA012210212046F7F7CCFC83
:10C6800002B010BD00000240300A002038B50E4A4A
:10C690000E4B0F491870002414701A781B78895CAF
:10C6A0000C4AD55C0C4B01201970FFF7AFFF05F069
:10C6B00007010220FFF7AAFFFC20FFF7CBFF20466F
:10C6C000BDE83840FFF7C6BFF8340020FA34002038
:10C6D0006B8B0308678B03088900002013B50022C9
:10C6E000012416488DF803401021F7F795FC2246E7
:10C6F0000DF103014FF496731148FAF74BFA32200B
:10C70000FFF79EFA4FF4967301A903220C48FAF73B
:10C71000EDFB224609481021F7F77EFC9DF8053015
:10C720009DF804209DF806001B0243EA02431843CB
:10C730001B0248BF40F07F4002B010BD0000024025
:10C74000300A00202DE9F041494C237833B949489B
:10C750001021F7F75BFC08B901232370227802F05F
:10C76000FF0362B100252570434C2378002B41D193
:10C77000FFF7B4FF23780133DBB223700DE03F4AAB
:10C78000117839B13E4D3F4F2978022907D91370EE
:10C790002B703B602378002BE4D1BDE8F081F6F7E5
:10C7A00087FE3B68C31A632B0646F3D9237803F050
:10C7B000FF08002BEED1344B01201978FFF726FF3C
:10C7C000324B334A1B78D15C022001F00701FFF79E
:10C7D0001DFFFC20FFF73EFF4046FFF73BFF264BC7
:10C7E00083F8008084F800803E602B780133DBB250
:10C7F0002B70CFE7254C274EFFF770FF2278264B92
:10C8000007EE900A43F8220023784FF44E7707FB97
:10C810000360B8EEE70AFEF7AFFD2078247807FB47
:10C820000060FEF731FD1D4B1D4AE4B203EB8403AB
:10C8300083ED000A137806210133B3FBF1F001FB0D
:10C840001033DBB213701378164AD05CFFF71EFF6B
:10C850000A4B1D700A4B1D700A4B1D60124B1B6862
:10C8600003B19847F6F724FE104B186095E700BF18
:10C87000F034002000080240F8340020E9340020A1
:10C88000E8340020E434002089000020FA3400203D
:10C89000678B03081C3500200C350020FC34002079
:10C8A000F9340020618B0308EC340020F4340020BC
:10C8B0002DE9F84330B92C4B2C4A2D4840F2351164
:10C8C00005F04AFB2B4B2C4E1860FE20FFF7C2FEF2
:10C8D0000120F6F7F3FD0F20FFF7BCFE0120F6F76D
:10C8E000EDFD0020FFF7B6FE0120F6F7E7FDD021B1
:10C8F0000320FFF78BFE00210220FFF787FEF020C8
:10C90000FFF7A8FE0120F6F7D9FD0025DFF88C809F
:10C910001A4F2C464FF00009304614210135FEF71E
:10C920007FFC042D48F8044B47F8049B06F54E762F
:10C93000F2D113491020FEF731FE124B124A1C703F
:10C940001B78D05CFFF7A2FE0120F6F7B7FD0F4B76
:10C950001C700F4B1C700F4B1C60F6F7A9FD0E4BA3
:10C960001860BDE8F88300BF597D0308548B0308A5
:10C970006E7D0308EC3400201C350020FC340020C0
:10C98000F1C50208F9340020618B0308E934002066
:10C99000E8340020E4340020F43400200C3500207A
:10C9A00010B50446F6F784FD0D4B1B68C01AB0F5B0
:10C9B000FA6F0AD90B4B9FED0C0A01221A700B4A31
:10C9C000002313700A4A136010BD0A48DFED0A7A8B
:10C9D00000EB840090ED000A20EE270AF4E700BF88
:10C9E000F4340020E934002000000000E834002086
:10C9F000E4340020FC3400201098183F0020FFF79A
:10CA0000CFBF0120FFF7CCBF0220FFF7C9BF032033
:10CA1000FFF7C6BF064B83ED000A064BC3ED000AC5
:10CA2000054B83ED001A054BC3ED001A704700BF9C
:10CA30001842002014420020104200200C42002026
:10CA4000064B83ED000A064BC3ED000A054B83ED50
:10CA5000001A054BC3ED001A704700BF08420020C2
:10CA60000442002000420020FC4100200D4B93EDC9
:10CA7000007A0D4BD3ED007A0C4B20EE077A60EE76
:10CA8000277A27EE007A67EE807AE7EE007A93ED58
:10CA9000007A074BE7EE007A93ED000A37EE800A42
:10CAA000704700BF184200201442002010420020AE
:10CAB0000C4200200D4B93ED007A0D4BD3ED007A24
:10CAC0000C4B20EE077A60EE277A27EE007A67EEAD
:10CAD000807AE7EE007A93ED007A074BE7EE007A72
:10CAE00093ED000A37EE800AFFF7C0BF084200202E
:10CAF0000442002000420020FC41002008B5FFF75E
:10CB0000B5FFF0EE406AB0EE600AFFF7D3FF36EEF5
:10CB1000C00A08BD064B83ED000A064BC3ED000AB0
:10CB2000054B83ED001A054BC3ED001A704700BF9B
:10CB30003842002034420020304200202C420020A5
:10CB4000064B83ED000A064BC3ED000A054B83ED4F
:10CB5000001A054BC3ED001A704700BF28420020A1
:10CB600024420020204200201C4200200D4B93ED67
:10CB7000007A0D4BD3ED007A0C4B20EE077A60EE75
:10CB8000277A27EE007A67EE807AE7EE007A93ED57
:10CB9000007A074BE7EE007A93ED000A37EE800A41
:10CBA000704700BF3842002034420020304200204D
:10CBB0002C4200200D4B93ED007A0D4BD3ED007A03
:10CBC0000C4B20EE077A60EE277A27EE007A67EEAC
:10CBD000807AE7EE007A93ED007A074BE7EE007A71
:10CBE00093ED000A37EE800AFFF7C0BF284200200D
:10CBF00024420020204200201C42002008B5FFF7FC
:10CC0000B5FFF0EE406AB0EE600AFFF7D3FF36EEF4
:10CC1000C00A08BD08B503F08FFDB5EEC00AF1EEFD
:10CC200010FA12DDDFED0B7AB4EEE70AF1EE10FA3E
:10CC30000CD4DFED097AB4EE670AF1EE10FAC8BF42
:10CC4000B0EE670A054B83ED000A08BDB0EE670A37
:10CC5000F8E700BF0000484200007A448C00002042
:10CC6000F8B503F051FD074603F052FD064603F008
:10CC700053FD054603F054FDD7ED031A97ED021A54
:10CC8000D7ED010A97ED000A0446FFF7C3FED6ED83
:10CC9000031A96ED021AD6ED010A96ED000AFFF787
:10CCA000CFFED5ED031A95ED021AD5ED010A95EDEB
:10CCB000000AFFF72FFFD4ED031A94ED021AD4ED0A
:10CCC000010A94ED000AFFF73BFFBDE8F840FFF7CB
:10CCD000A1BF000008B5F6F7EBFB084B1860084B46
:10CCE0001A78022A08D002221A70BDE808400548C6
:10CCF00000220F21FEF7DFBC08BD00BF704B0020F3
:10CD0000F44C0020AC4B00202DE9F8431746984620
:10CD100005460E4600244FF40E79BC4201D1BDE811
:10CD2000F88309FB0480B5EC010AFEF71FFA013411
:10CD3000A6EC010AF1E7000008B52DED028B9FED8E
:10CD40000E8A0E48B0EE480AFEF7E4FBB0EE480A41
:10CD50009FED0B8A0B48FEF7DDFBB0EE480A0A4850
:10CD6000FEF7D8FBB0EE480ABDEC028B0748BDE8E1
:10CD70000840FEF7CFBB00BF0AD7A33B8442002088
:10CD80000AD7233C7C420020744200206C420020E1
:10CD900038B5134C257815BB1248FEF775FC3822C0
:10CDA0002946114806F024FF1048FEF7CFF9104835
:10CDB000FEF7CCF90F48FEF7C9F90F48FEF7C6F9A0
:10CDC000FFF7BAFF0D48FFF773FDFFF749FFFFF7C5
:10CDD00021FF01232370F6F76BFB094B186038BD68
:10CDE000F44C0020AC4B0020744B002090420020FB
:10CDF000C84400200047002038490020D5CC020854
:10CE0000704B0020014B1878704700BFF44C002095
:10CE100000487047AC4B002008B5034630B9074BBB
:10CE2000074A084840F2131105F096F8064A92E8BE
:10CE3000030083E80300022008BD00BF7F720308DF
:10CE40006F8B0308967D0308848B0308F0B52DEDE6
:10CE5000048B89B0F6F72CFBA64B1B68C01A64281C
:10CE60000AD9A54B1A78012A06D001221A70A348C4
:10CE700000220E21FEF71FFCA14C23781BB9FFF7FF
:10CE8000EFFE01232370FFF75DFCF6F711FB05466B
:10CE9000FFF7B4FDB0EE409AFFF7B3FDF0EE408A25
:10CEA000FFF7B2FDB0EE408AFFF7B1FD102200217E
:10CEB0000DEB0200934C8DED009A8DED030A924E1E
:10CEC000CDED018A8DED028A06F092FE8F4B042291
:10CED00004A96846FFF718FF069BDDED040ADDEDA7
:10CEE000057A9DED079A23613378C4ED010AC4EDFC
:10CEF000007A84ED059A042B08D8DFE813F00500CA
:10CF00000F001F008A002501012333707B4809B000
:10CF1000BDEC048BBDE8F040FEF7D0BB7C4B00229B
:10CF20001A607C4A002313607B4A13607B4A1360BB
:10CF30007B4B1D607B4B1D600223E6E7794803684D
:10CF400041F28732EB1A9342714A02D800231360F0
:10CF5000DCE713687249952B3FD907EE903A9FEDB5
:10CF6000727A6C4F6C4BDFF8D4E1DFF8D4C1F8EE85
:10CF7000677AF4EEC77AF1EE10FA1BDC8EED007AD8
:10CF80008CED007AF0EE476A83ED007A674BDFF8AC
:10CF9000B4C183ED007A664BCCED006A83ED007A74
:10CFA00000231360C4ED0D6A87ED007A0D60056003
:10CFB0000323AAE797ED006AC6EE276A93ED006A9D
:10CFC000CEED006AC6EE276ACCED006ADFF84CC1F0
:10CFD0009CED006AC6EE276AD6E70868281A092879
:10CFE00094D90D604B4991ED007A37EE207A0133E8
:10CFF00081ED007A484991ED007A77EE277AC1ED0C
:10D00000007A4649D1ED007A77EE897AC1ED007A4F
:10D010009DE7444B3E4F1B68EB1AB3F5FA7F0BD2EA
:10D020003C4A002313603C4A1360404A1360404A64
:10D03000136000233B6069E73B68312B26D907EE7C
:10D04000903A9FED397A394B3A48F8EE677AF4EE28
:10D05000C77AF1EE10FAC9BF2E4A83ED007AD2EDFD
:10D06000006A86EEA77AC2BF83ED007A2A4BD3ED21
:10D07000006A2F4BC8BF86EEA77A83ED007AFEF7D1
:10D0800065FA2D48FEF762FA04233EE7244A136846
:10D09000EB1A092B7FF63AAF284B1560D3ED006AE7
:10D0A000274BC4ED0C6A93ED007A70EEE68A37EEFA
:10D0B000C78AB0EE680AF0EE480A84ED0B7AFFF7F3
:10D0C0001DFDF0EE680AB0EE409AB0EE480AFFF798
:10D0D00095FD104BD3ED007A77EE897AC3ED007A97
:10D0E0000D4BD3ED007A77EE807AC3ED007A3B6882
:10D0F00001339FE7704B0020F44C0020AC4B002024
:10D100008C420020744B0020684200209042002096
:10D1100064420020604200205C420020584200200F
:10D1200054420020504200200000000040420020F5
:10D130003C420020744200206C4200204C420020FF
:10D140004842002044420020654B93ED007A654B35
:10D1500070EEC78A93ED007A634BC4ED098A37EE0F
:10D16000C78AD3ED007A84ED088A39EE679AF0EE2B
:10D17000480AB0EE680A84ED0A9AFFF7BFFCF0EEA9
:10D18000680AF0EE409AB0EE480AFFF737FD574BB9
:10D190005748D3ED007A574B30EE678A93ED000A7B
:10D1A00039EEC00AFEF7D6F95348B0EE480AFEF74A
:10D1B000D1F94F48FEF7EEF94F4884ED030AFEF728
:10D1C000E9F9D4ED047ADFED4D6A4D4B9FED4D6AE0
:10D1D00084ED020A87EEA67AD3ED007A27EE277A4D
:10D1E000DFED497A77EE277AC7EE865A9FED476AD8
:10D1F000DFED477AE5EE867A9FED466AF4EEC67A71
:10D20000F1EE10FA63D49FED446AF4EE467AF1EE43
:10D2100010FAC8BFF0EE467AA7EEA67AF0EE087ACA
:10D2200087EE268AB4EEE78AF1EE10FA04D4B5EE62
:10D23000C08AF1EE10FA01DC9FED388A03F074FA2F
:10D24000DFED377AB4EEE70AF1EE10FA42D4DFED03
:10D25000357AB4EE670ADFED347AF1EE10FAC8BF22
:10D26000B0EE670A9FED317A3148C0EE077A27EEBB
:10D27000890AB5EEC00AF1EE10FAD8BF9FED270A71
:10D28000FEF768F92B48B0EE480AFEF763F9284824
:10D29000FEF780F9274884ED070AFEF77BF9DFEDFA
:10D2A000267AB4EEE70AF1EE10FA16DD9FED237A46
:10D2B000DFED237A20EE077A60EE277AE0EE077A38
:10D2C0009FED207A77EE877AC4ED067A1EE6F0EEBF
:10D2D000467AA1E79FED140AC4E784ED060A15E635
:10D2E0004C42002048420020444200203C420020A2
:10D2F00074420020404200206C42002000007A442A
:10D300008C000020B003774405303C440AAA433C1B
:10D310003EB4403FCDCCCC3E3333B33F00000000A1
:10D32000000048420080BB440000C8438096184972
:10D330007C420020844200200000524327A0093B89
:10D34000ABCFD53C71BDE242014B00221A70704751
:10D350008C4200200FB404B070470FB404B0704783
:10D360000FB404B070470FB404B070470FB404B0EA
:10D37000704710B586B0044600F0B8F910B9002027
:10D3800006B010BD684600F097F90028F7D09DF868
:10D390000820237A9A42F2D1E368039A9A42EED1A6
:10D3A0002369049A9A42EAD105986369C31A5842DC
:10D3B0005841E5E77FB5684600F07EF920B1044B9F
:10D3C00005936846FFF7D5FF07B05DF804FB00BF83
:10D3D00000005314D0E9023110B542689B1AB3FB28
:10D3E000F1F3013B01FB0320002B02DA4FF0FF3089
:10D3F00010BD0468B4F1A53FA0EB0102F8D0013BD9
:10D400001046F1E710B5D0E90231426800209B1ABE
:10D41000B3FBF1F3984200D110BD146801340A4403
:10D42000FAD00130F6E770B50E4615461C4608B92D
:10D43000002070BD00680028FAD0FFF7CBFF431C26
:10D44000F6D00368B3F1A53FF2D10EB183883380E3
:10D450000DB1C3882B800CB90120EAE783682360F3
:10D46000FAE710B5044686B0F6F734FB0023CDE9A1
:10D47000013323681B68039301220223694601A834
:10D48000CDE90423F6F70CFC0446F6F735FB2046FD
:10D4900006B010BD20B10068B0FA80F040097047B6
:10D4A0000120704730B50B4D01444FF0FF338142EE
:10D4B00001D1D84330BD10F8012B5340082243F36B
:10D4C0000004013A2C4012F0FF0284EA5303F6D123
:10D4D000EDE700BF2083B8EDF8B50D4608B901208F
:10D4E000F8BD0029FBD00F68002FF8D00068FFF7C7
:10D4F00071FF431C0446F2D00368B3F1A53FEED19F
:10D500008688AB88B342EAD300F10C053146284641
:10D51000FFF7C8FFA3688342E1D132462946384667
:10D5200006F08DFC0020DBE72DE9F74F0C460646A0
:10D5300020B90124204603B0BDE8F08F0029F8D0BF
:10D5400008680028F5D03568B1F804B0D5F80C901B
:10D550000BF10C034B45D5E901A7EAD85946FFF773
:10D56000A1FF80462846FFF735FF431C09D003681A
:10D57000B3F1A53F05D183885B4502D18368984507
:10D5800060D02846FFF73EFFA7EB0A07B7FBF9F785
:10D59000B84204D13046FFF764FF0028C9D1EB68D8
:10D5A0006D68B4F804A003FB005505F10C07F6F70D
:10D5B00091FAEFF3108672B6D4F80090A488032C89
:10D5C00015D814B34FF0FF332246494601A8019302
:10D5D00006F035FC019A002339460220F6F7BEFA20
:10D5E00098B1012406B962B6F6F786FAA2E7D9F82F
:10D5F0000020002339460220F6F7B0FA0028F0D1C7
:10D6000009F104090437043CD9E700234AF4403205
:10D61000291D0220F6F7A2FA03460028E1D142466E
:10D6200005F108010220F6F799FA0028D9D14FF048
:10D63000A532002329460220F6F790FA041E18BFEF
:10D640000124CFE7002475E710B50446B8B158228D
:10D650000021103006F0CCFA01230422C4E9002393
:10D660006423C4E90233064B6361064BE365502330
:10D6700023664FF07E53636263636364636510BD2A
:10D68000000064430000D74308B50748FFF702FFD6
:10D69000064B9A68064B9A4204D9BDE808400548F3
:10D6A000FFF7F8BE08BD00BFAC8B030800ED00E03B
:10D6B000FFFF0108B08B030813B5044678B1009052
:10D6C00018230948ADF804306946FFF705FF48B153
:10D6D00014220021201D06F08BFA01232360002074
:10D6E00002B010BD0120FBE7AC8B030807B518237F
:10D6F000009069460548ADF80430FFF715FFB0FA11
:10D7000080F0400903B05DF804FB00BFAC8B030858
:10D7100007B578B10A4B9A680A4B9A420DD9009026
:10D7200068230948ADF804306946FFF7FDFEB0FAFA
:10D7300080F0400903B05DF804FB0020FAE700BF69
:10D7400000ED00E0FFFF0108B08B030808B5074BB0
:10D750009A68074B9A4206D90648FFF782FEB0FA4C
:10D7600080F0400908BD0020FCE700BF00ED00E0AC
:10D77000FFFF0108B08B030870B504469EB038B1B6
:10D78000884B9A68884B9A4205D82046FFF75CFF81
:10D7900000201EB070BD0023ADF80030ADF802309F
:10D7A0000193824801AB0DF102026946FFF73BFE8F
:10D7B0000028EAD0BDF800305A1E672AE5D804AD2B
:10D7C0007A48029502A9ADF80C30FFF785FE0028D3
:10D7D000DBD12046FFF738FFBDF80230BDF800204E
:10D7E000012B0CD0022B51D0032A46D9049B33B114
:10D7F000032B00F08B8000F2CD80012B46D1532A01
:10D800003DD9049B6360059BA360069BE360079B77
:10D810002361089B636109AE04F118050DAB324624
:10D8200003CA9A4228606960164605F10805F6D1D8
:10D8300004F1280611AA1D4603CD9542306071609F
:10D840002B4606F10806F6D104F1380615AB15464D
:10D8500003CD9D42306071602A4606F10806F6D17C
:10D8600004F1480519AE1A4603CAB242286069603D
:10D87000134605F10805F6D101E0002BB8D10423C9
:10D8800023602046FFF744FF012082E7572AF6D99C
:10D89000049B6360059BA360069BE360079B236179
:10D8A000089B636109AE04F118050DAB324603CA4B
:10D8B0009A4228606960164605F10805F6D104F120
:10D8C000280611AA1D4603CD9542306071602B4693
:10D8D00006F10806F6D104F1380615AB154603CD5E
:10D8E0009D42306071602A4606F10806F6D104F1C7
:10D8F000480519AE1A4603CAB24228606960134649
:10D9000005F10805F6D1199BA365B8E7632A44D948
:10D91000059B6360069BA360079BE360089B2361F4
:10D92000099B63610AAE04F118050EAB324603CAC7
:10D930009A4228606960164605F10805F6D104F19F
:10D94000280612AA1D4603CD9542306071602B4611
:10D9500006F10806F6D104F1380616AB154603CDDC
:10D960009D42306071602A4606F10806F6D104F146
:10D9700048051AAE1A4603CAB242286069601346C7
:10D9800005F10805F6D11A9BA3651B9BE3651C9B5B
:10D99000236674E7672A88BF68222946204606F076
:10D9A0004EFA6CE700ED00E0FFFF0108B08B0308C2
:10D9B00020B119B1002A03DA002303700020704758
:10D9C00091429FBF4018002301F1FF3100F8013C54
:10D9D00094BF88B290B2704710B5DFED267A00F19F
:10D9E000180300F128011A6802F0FF44B4F1FF4F58
:10D9F00008BF17EE902A43F8042BDA6802F0FF44C0
:10DA0000B4F1FF4F08BF17EE902ADA60DA6902F02E
:10DA1000FF44B4F1FF4F08BF17EE902ADA61DA6ACB
:10DA200002F0FF44B4F1FF4F08BF17EE902A99426D
:10DA3000DA62D8D1436903F0FF42B2F1FF4F06D05A
:10DA400007EE903AF5EEC07AF1EE10FA02D84FF0F8
:10DA50007E534361C36D03F0FF42B2F1FF4F06D026
:10DA600007EE903AF5EEC07AF1EE10FA01D8024BCB
:10DA7000C36510BD000000000000D74308B1FFF7E8
:10DA8000ABBF704720B1037A003B18BF012303727C
:10DA90007047000070B51546C6B00C46002900F06E
:10DAA0009280002A00F08F8000230B70002800F085
:10DAB0008A80014668222CA806F0C1F92CA8FFF73D
:10DAC0008BFF42984149424A424B459E884208BFDB
:10DAD000134641484149424A864208BF0A46439894
:10DAE000CDE92A32F2F740FDCDE928013198F2F76D
:10DAF0003BFDCDE926014198F2F736FDCDE9240141
:10DB00004098F2F731FDCDE922013F98F2F72CFD64
:10DB1000CDE920013E98F2F727FDCDE91E013D98A1
:10DB2000F2F722FDCDE91C013C98F2F71DFDCDE98D
:10DB30001A013B98F2F718FDCDE918013A98F2F76F
:10DB400013FDCDE916013998F2F70EFDCDE9140168
:10DB50003898F2F709FDCDE912013798F2F704FD84
:10DB6000CDE910013698F2F7FFFCCDE90E013598AA
:10DB7000F2F7FAFCCDE90C013498F2F7F5FCCDE9A7
:10DB80000A013398F2F7F0FCCDE908013298F2F778
:10DB9000EBFC309B0493449B03932F9B02932E9B9F
:10DBA00001932D9B0093CDE906012C9B0D4A29463C
:10DBB000204605F0C3FE29460246204646B0BDE891
:10DBC0007040FFF7F5BE002046B070BD533404002E
:10DBD000BF7D0308C77D030855574F4FD07D03080D
:10DBE000E07D0308EC7D0308F0B504468DB01746D0
:10DBF0000E4651B34AB300230B7030B30FCC06ADC1
:10DC00000FC594E8030085E8030006A8FFF73AFF74
:10DC1000BDF82E300593BDF82C3004930A9B039376
:10DC2000099B02939DF820300193079B009339468E
:10DC3000069B074A304605F081FE394602463046CB
:10DC40000DB0BDE8F040FFF7B3BE00200DB0F0BD51
:10DC5000277F030830B51546ADB00C4600293ED0ED
:10DC6000002A3CD000230B70002838D001466822DF
:10DC700012A806F0E4F812A8FFF7AEFE279B109357
:10DC8000269B0F93259B0E93249B0D93239B0C9314
:10DC9000229B0B93219B0A93209B09931F9B089324
:10DCA0001E9B07931D9B06931C9B05931B9B049334
:10DCB0001A9B0393199B0293189B0193299B009332
:10DCC0002946179B074A204605F038FE40F26912A4
:10DCD000294620462DB0BDE83040FFF769BE002040
:10DCE0002DB030BDC37F0308014B01221A7070476D
:10DCF000F64C002001460148FFF735BBF7800308CA
:10DD000070B51F4E3478002C39D11E48FDF7BCFC8D
:10DD1000214684221C4805F06BFF1C4B1C481C70DC
:10DD20001C4B1C70FDF750FDFFF7AEFC1A48FFF7C7
:10DD3000C3FC05461948FFF71FFD194B0446ADB952
:10DD4000A0B9012217481A70FFF7D4FF0E4D1648EC
:10DD500004F0010402232C703370FFF7CBFF2A4636
:10DD60000848BDE870402B21FDF7A5BC00220F48F4
:10DD70001A70FFF7BFFF002DE8D00124E6E770BD61
:10DD8000D04E0020884D0020044D0020004D002082
:10DD900090000020014D0020704D0020084D002013
:10DDA000F74C0020158103082C8103082481030807
:10DDB00000487047884D0020034630B1044A92E87D
:10DDC000030083E80300022070470420704700BF6F
:10DDD000B48B030810B51548FDF770FC144B1A7886
:10DDE00032B901221A701148124A2B21FDF763FC47
:10DDF000114B1A78C2B100221A70104B1B781BB15C
:10DE00000A482C21FDF757FC0D4C237863B1094AD1
:10DE100006482A21FDF74FFC0A4A13680133092BF3
:10DE2000136084BF0023237010BD00BF884D002005
:10DE3000F54C0020044D0020F64C0020F74C00204B
:10DE4000F84C0020FC4C002030B501469BB028B9AE
:10DE50005248FFF77FFA01201BB030BD504B002421
:10DE6000682268461C7005F0EAFFDFED4E7ADFEDB0
:10DE70004E6A06AB224693ED007AB0EEC76AB4EE66
:10DE8000E76AF1EE10FA88BFB0EE667AA3EC017A89
:10DE900093ED037AB0EEC76AB4EEE76AF1EE10FADA
:10DEA00088BFB0EE667A83ED037A93ED077AB0EE21
:10DEB000C76AB4EEE76AF1EE10FA88BFB0EE667A90
:10DEC00083ED077A93ED0B7AB0EEC76AB4EEE76A9A
:10DED000F1EE10FA02F1010288BFB0EE667A042A70
:10DEE00083ED0B7AC7D19DED057ADFED2F6A169B86
:10DEF0002E4A2F4CB0EEC76AB4EEE76AF1EE10FA84
:10DF000088BFB0EE667A8DED057A9DED177AB0EE9A
:10DF1000C76AB4EEE76AF1EE10FA88BFB0EE667A2F
:10DF2000002B18BF13461693224A199B8DED177AC2
:10DF300093420CBF1346002369466822204619937A
:10DF400005F046FE20B9012304F8043C002083E7D5
:10DF50006846FFF7DDFB054628B91748FFF7CAFEFC
:10DF600004F8045C77E769466822204605F067FFFD
:10DF7000124A1349134800231370134A0B6013709D
:10DF8000124B012204F8042C1A70FFF7B3FE10485C
:10DF9000221F2B21FDF78FFBD8E700BF3481030838
:10DFA000F54C0020FFFF7F7F000000005334040089
:10DFB000084D002055574F4F52810308014D002056
:10DFC000FC4C00205C810308F74C0020F84C00203A
:10DFD000884D00202DE9F041044686B0C0B1274F9E
:10DFE00001461822384605F0F3FD20B9012307F851
:10DFF0006C3C00200DE0224B002220461A70FFF7F7
:10E0000075FB054640B91F48FFF774FE07F86C5CC6
:10E01000012006B0BDE8F0816846FFF74DFBA7F18F
:10E020006C0830B118222146684605F0D1FD06463D
:10E0300048B11448FFF75EFE0023134888F800300B
:10E04000FFF788F9E4E70FCC3D460FC50F4B104AA8
:10E050001E7094E803000F4B16600F4A1E7085E88F
:10E06000030001230D48137007F86C3CFFF742FED4
:10E070000B4842462B21FDF71EFBBAE7704D0020EE
:10E08000F54C00205281030864810308004D0020F4
:10E09000FC4C0020F74C0020F84C00205C81030869
:10E0A000884D00202DE9F041264B274F00228CB0EF
:10E0B0001A7097F87430012B41D007F16C050FCD21
:10E0C0006C460FC495E803004FF0010884E8030094
:10E0D00068468DF80880FFF709FB30B91B48FFF749
:10E0E00009FE01200CB0BDE8F08106A8FFF7E4FAB4
:10E0F0000028F3D0182269460DEB020005F068FDF8
:10E1000006460028EAD16C460FCC07F16C050FC516
:10E110000F4B87F800801E700E4B94E803001E70B2
:10E120000D4B1E600D4B85E803000D4883F8008001
:10E13000FFF7E0FD0B483A462B21FDF7BCFA002023
:10E14000D0E700BFF54C0020044D002052810308A9
:10E15000004D0020F74C0020FC4C0020F84C002023
:10E160005C810308884D002008B5FFF7EFFA28B15D
:10E17000034B00221A70034B01221A7008BD00BF26
:10E18000044D0020F74C00202DE9F0411B4B1C48AA
:10E1900086B000271F70FFF7ADFDFFF70BF938B908
:10E1A0001848FFF7A7FD0026304606B0BDE8F0810D
:10E1B0006846FFF781FA06460028F1D06C460FCC7E
:10E1C000DFF85C8008F16C050FC50F4B0F4A1F701C
:10E1D00094E803000E4B17600E4A1F7085E8030099
:10E1E00001230D48137088F80030FFF783FD0B48BA
:10E1F00042462B21FDF75FFAD6E700BFF54C002021
:10E200007F81030852810308004D0020FC4C002050
:10E21000F74C0020F84C00205C810308884D00205A
:10E22000044D0020034BD86D034BC31A584258418C
:10E23000704700BF044D00205334040070B51D4BDF
:10E240001D4C1E4D0026B0429AB01E70E36D08BFF3
:10E250003546AB4203D10123237001250EE068222D
:10E26000211D684605F0EBFD68461695FFF750FA4C
:10E27000054630B91248FFF73DFD257028461AB013
:10E2800070BD69466822201D05F0D9FD0D4B0E4A70
:10E290001E700E4B16600E4A1E700E48012313703E
:10E2A0002370FFF727FD0C4822462B21FDF703FAC8
:10E2B000D3E700BFF54C0020044D00205334040088
:10E2C00052810308014D0020FC4C0020F74C002037
:10E2D000F84C00205C810308884D0020034B986EA9
:10E2E000034BC31A58425841704700BF044D0020E9
:10E2F00055574F4F70B51D4B1D4C1E4D0026B0425B
:10E300009AB01E70A36E08BF3546AB4203D10123FD
:10E31000237001250EE06822211D684605F08FFD5F
:10E3200068461995FFF7F4F9054630B91248FFF72A
:10E33000E1FC257028461AB070BD69466822201D90
:10E3400005F07DFD0D4B0E4A1E700E4B16600E4AF9
:10E350001E700E48012313702370FFF7CBFC0C488E
:10E3600022462B21FDF7A7F9D3E700BFF54C00208B
:10E37000044D002055574F4F52810308014D002096
:10E38000FC4C0020F74C0020F84C00205C81030876
:10E39000884D00200B4A1368B3F5FA7F07D24FF47B
:10E3A000FA73136013681844074B18607047B3F58D
:10E3B0007A6FF7D25B00B3F57A6F88BF4FF47A6358
:10E3C000EFE700BFA0000020D44E00202DE9F0416F
:10E3D000DFF8808088B0002205AB0E4698F8001068
:10E3E000ADF814208DF81620009396220123032700
:10E3F000CDE901720546024699401548F6F778F9CD
:10E40000044608BB98F800308DF819505B008DF871
:10E41000183043F001038DF81A309DF814308DF850
:10E420001B3005219DF815308DF81C3006A800F032
:10E4300071F99DF81630834208D1BDF8143033804D
:10E44000204608B0BDE8F0813C46F9E70224F7E732
:10E450000C090020A400002037B51B4B1B4819787D
:10E460001B4D962303224900F6F752FA10B10123FF
:10E470002B7009E0ADF806000DF106010620FFF74C
:10E48000A5FF044618B12870002003B030BDBDF8C8
:10E49000060000F04FF9DFED0F7AB4EEE70AF1EE77
:10E4A00010FA0FDDDFED0C7AB4EEE70AF1EE10FAA8
:10E4B00008D50A4B2C701C70094B4FF4FA721A6085
:10E4C0000120E2E70423D3E7A40000200C09002088
:10E4D000E84E0020000087C300007A44DC4E002094
:10E4E000A000002008B50F4B0F4A187000231370CE
:10E4F0000E4A0F49137000220A600E490A600E4A44
:10E5000013700E4B4FF4FA721A60F4F7D1FF0C4BF4
:10E510000C4A1B68034413600B4B00F5C87018606D
:10E5200008BD00BFA4000020E94E0020E84E0020F6
:10E53000E04E0020E44E0020DC4E0020A000002031
:10E540009C000020D84E0020D44E00207047704719
:10E550002DE9F04F2DED028B584F83B0F4F7A8FF53
:10E560003B78012B044619D0022B00F0888083B938
:10E57000534B1B68C31A002B0BDBFFF76DFF002802
:10E5800000F0948001233B704E4B4F4A1B6823449C
:10E59000136003B0BDEC028BBDE8F08F4A4E3368C8
:10E5A000C31A002BF5DBF4F783FF002301A9804693
:10E5B0000620ADF80430ADF80630FFF707FF0DF187
:10E5C000060105460720FFF701FFDFF81CB1DFF861
:10E5D00010A181460DB9A8B105469AF800308BF814
:10E5E00000500133DBB2042B8AF8003036D9374AA9
:10E5F000374B1360374A2046136002233B70FFF706
:10E60000C9FE2BE0BDF8040000F094F8BDF8060048
:10E61000B0EE408A00F08EF89FED2F7AB4EEC78AF4
:10E62000F1EE10FA29DDDFED2D7AB4EEE78AF1EE96
:10E6300010FA22D5B4EEC70AF1EE10FA1DDDB4EEE1
:10E64000E70AF1EE10FA18D5224B8BF8009083ED13
:10E65000008A1E4B8AF8009083ED000AF4F728FF29
:10E66000A0EB0800022899BF164B1B6804F59C54C8
:10E67000083498BFE41834608BE70425ADE7104BED
:10E680001B68C31A002B84DBFFF7E6FE70B1012381
:10E690003B700C4B0C4A1B6823441360104B002248
:10E6A0001A70104B4FF4FA721A6072E7204603B0EA
:10E6B000BDEC028BBDE8F04FFFF76CBEE94E0020C9
:10E6C000D44E00209C000020D84E0020E04E0020B8
:10E6D0000000C8C2E44E0020000087C300007A4456
:10E6E000DC4E0020A0000020E84E0020024B1878ED
:10E6F000431E584258417047E94E0020014B93EDAC
:10E70000000A7047E44E0020014B93ED000A704769
:10E71000E04E002010B5064A0346014400208B421B
:10E7200000D110BD13F8014B6040105CF7E700BF4B
:10E73000BC8B030807EE900A9FED047A9FED040A54
:10E74000F8EE677AA7EE870A704700BF0AD7A33CA6
:10E75000339388C3174A184808B51378002183F00B
:10E7600001031370F8F7B1FD144A136813681060C1
:10E77000C31AF3B107EE903A9FED117AF8EE677A7B
:10E7800087EE270ADFED0F7A20EE270AB5EEC00AE2
:10E79000F1EE10FA0DDBDFED0C7AB4EEE70AF1EEE4
:10E7A00010FA06D80948FCF7E7FDF4F781FE084B9C
:10E7B000186008BDEA4E00201C0B0020F04E00201F
:10E7C00000247449000070420050C347F44E0020FA
:10E7D000EC4E002008B505210848FCF721FD08484B
:10E7E000FCF7F2FF00210748F9F756F9064B002223
:10E7F0001A60F4F75DFE054B186008BDF44E00206A
:10E80000A80000201C0B0020F04E0020EC4E002041
:10E8100008B5F4F74DFE074B1B68C01AB0F5487FEA
:10E8200004D8BDE808400448FCF72EBD9FED030A5C
:10E8300008BD00BFEC4E0020F44E00200000000098
:10E84000014B1878704700BFEA4E002038B5174DCD
:10E850002C784CBB1648FCF717FF214614221548AC
:10E86000154C05F0C5F9FFF7B5FF5A20FFF73AFE42
:10E8700094F83D30012B03D104212046F9F70AF921
:10E880000C4B0E4A1A6040F698029A8000229A6059
:10E890001A61DA6023684FF448729A63F4F708FE4D
:10E8A000074B186001232B7038BD00BF8C5300202C
:10E8B0004452002030520020D40A002020032003BC
:10E8C0002C52002008B5FFF711FF0130C0B208BD7F
:10E8D0000048704744520020034630B1044A92E891
:10E8E000030083E80300022070470420704700BF44
:10E8F000BC8C030808B5F4F7DBFD084B1860084B27
:10E900001A78022A08D002221A70BDE80840054889
:10E9100000220B21FCF7CFBE08BD00BF2C52002007
:10E920008C53002044520020FFF711BEFFF70EBEAB
:10E93000064B5A881988914207D91A80044B05481A
:10E940001B680D219A63FCF7B6BE70473052002059
:10E95000D40A00204452002010B5F4F7A9FD184B4A
:10E96000184C1B68C01A40F2DC5398420DD9FFF7CF
:10E97000DFFF154B1A78012A0ED001221A701348B6
:10E9800000220A21FCF797FE06E0B0F57A7F03D952
:10E99000228863889A42EAD9FFF73AFF84ED020A97
:10E9A000FFF7ACFE84ED040AFFF7AEFE84ED030A28
:10E9B000FFF7CEFDBDE810400448FCF77FBE00BF66
:10E9C0002C520020305200208C5300204452002052
:10E9D00008B50C4B59888142024611D8998881426A
:10E9E0000ED31988814207D01880074B1B680D2170
:10E9F00098630648FCF75FFEBDE80840FFF77ABF62
:10EA000008BD00BF30520020D40A0020445200202C
:10EA1000014B5880704700BF30520020FFF710BFF5
:10EA200030B5F0B10378302B05D1437803F0DF0324
:10EA3000582B08BF0230441E0022073014F8015F33
:10EA4000A5F13003092B06D945F02003A3F1610598
:10EA5000052D07D8573BA04243EA0212EED10A60C7
:10EA6000012030BD0020FCE720B103787B2B01D1D1
:10EA700001F0C6B80020704708B5F4F719FD084B3F
:10EA80001860084B1A78022A08D002221A70BDE8D2
:10EA90000840054800222121FCF70DBE08BD00BF3B
:10EAA00090530020885500204054002038B50D4672
:10EAB00078B1084901F0B6F8044601F0BDF830B16C
:10EAC00020692946F1F784FBB0FA80F0400900F094
:10EAD000010038BD918403082DE9F34107460C4637
:10EAE00001F0B1F848B1384601F08EF80428A8BF0B
:10EAF000042080460026B04502DC02B0BDE8F0816B
:10EB00003146384601F088F8054601F08EF838B1F4
:10EB1000D5E90601F2F778F8206001360434EAE717
:10EB2000284601F089F80028F7D028690028F4D099
:10EB300001A9FFF775FF0028EFD0019B2360ECE7E8
:10EB400037B50D46044638B101F06FF830B1D4E95D
:10EB50000601F2F759F8286003B030BD204601F0F5
:10EB60006BF80028F8D020690028F5D001A9FFF73C
:10EB700057FF0028F0D0019B2B60EDE738B5074C1C
:10EB800025784DB90648FCF77FFD0648AC2229469A
:10EB900005F02EF80123237038BD00BF88550020F2
:10EBA000405400209453002008B5F4F781FC0B4B2F
:10EBB0001B68C01AB0F57A7F0AD9094B1A78012A66
:10EBC00006D001221A70074800222221FCF773FDAB
:10EBD000BDE808400348FCF771BD00BF905300201A
:10EBE00088550020405400200048704740540020C1
:10EBF00008B5034628B9064B064A07485A2103F0D0
:10EC0000ABF9064A92E8030083E80300022008BD3E
:10EC10007F720308C48C030888810308D48C03081E
:10EC200013B5044658B101A8FDF722F8054968223A
:10EC3000204605F004F901A8FDF71FF8012002B0F5
:10EC400010BD00BFA453002037B5044698B10B4D4A
:10EC500001A8FDF70DF8234605F118042A4603CA5A
:10EC6000A24218605960154603F10803F6D101A8C5
:10EC7000FDF703F8012003B030BD00BF0C540020A5
:10EC80002DE9F04F0446CBB008B103782BB96E489C
:10EC90004BB0BDE8F04FFEF760BB6C4905F032F8B1
:10ECA000002858D0FF2221460AA804F0BBFF002507
:10ECB00067498DF827510AA804F0C8FFDFF8C0B1F2
:10ECC00082464FF0FF362F46A846A946BAF1000FFC
:10ECD00013D1B9F1000F3ED0B8F1000F3BD05D4A1F
:10ECE000C2E90057D660FFF7C7FE52461F215A48B7
:10ECF0004BB0BDE8F04FFCF7DEBC54490E22504645
:10ED000004F07EFF60B90AF10E0003F046F94FF0FF
:10ED1000010907464E49002004F098FF8246D5E7D6
:10ED20004E490422504604F06BFF38B90AF1040042
:10ED300003F033F94FF001080546EBE7042259468A
:10ED4000504604F05DFF0028E4D10AF1040003F00E
:10ED500024F90646DEE72046FFF786FE054628B979
:10ED60003F484BB0BDE8F04FFEF7FDBA3D49FFF715
:10ED70009DFE064638B1284600F016FDFFF77CFEE2
:10ED800000222321B3E738492846FFF78FFE0746C4
:10ED900038B1284600F008FDFFF76EFE3246242108
:10EDA000A5E732492846FFF781FE064638B12846D6
:10EDB00000F0FAFCFFF760FE3A46252197E72C4960
:10EDC0002846FFF773FE38B1284600F0EDFCFFF748
:10EDD00053FE324626218AE726492846FFF766FE7B
:10EDE0000746002800F01681284600F0DDFC08A840
:10EDF000FEF7E2FF02284FF068021FD10899E9B13F
:10EE000004310AA805F01BF8204600F0F9FE04467C
:10EE100070B1194900F006FF054600F00DFF20B162
:10EE200014492869F1F7D4F960B3204600F0BCFC1E
:10EE30001248FEF792FA4BB0BDE8F08F00210AA805
:10EE400004F0D6FEE0E700BFAD810308D2810308DD
:10EE5000E18103089453002040540020E38103081B
:10EE6000ED8103080B820308168203081F82030842
:10EE70002A8203083882030891840308FC8203086D
:10EE8000E88103087649204600F0CCFE75498146AA
:10EE9000204600F0C7FE74498046204600F0C2FEBE
:10EEA00072490746204600F0BDFE714906462046DD
:10EEB00000F0B8FE0546484600F0B7FE20B1D9E99B
:10EEC0000601F1F781FE0B90404600F0AEFE20B146
:10EED000D8E90601F1F778FE0C90384600F0A5FE5F
:10EEE00020B1D7E90601F1F76FFE0D90304600F032
:10EEF0009CFE20B1D6E90601F1F766FE0E90284689
:10EF000000F093FE20B1D5E90601F1F75DFE2290F5
:10EF10005849204600F086FE57498346204600F0B7
:10EF200081FE56490746204600F07CFE5449824641
:10EF3000204600F077FE53490190204600F072FE13
:10EF400051498146204600F06DFE5049029020460E
:10EF500000F068FE4E498046204600F063FE4D49B1
:10EF60000390204600F05EFE4B490490204600F0DE
:10EF700059FE4A490590204600F054FE484906468D
:10EF8000204600F04FFE10A905465846FFF7A4FDA5
:10EF900014A95046FFF7A0FD18A94846FFF79CFDAD
:10EFA0001CA94046FFF798FD10A93846FFF794FDCD
:10EFB000019814A9FFF790FD029818A9FFF78CFD9E
:10EFC00003981CA9FFF788FD04980FA9FFF7B8FD67
:10EFD00005980FA9FFF7B4FD21A93046FFF7B0FD52
:10EFE00021A92846FFF7ACFD204600F0DDFB07A86D
:10EFF000FCF73EFE68220AA92A4804F020FF07A871
:10F00000FCF73BFEFFF738FD002227212648FCF7DE
:10F0100052FB10E725492846FFF748FD0646002821
:10F0200000F0D480284600F0BFFB182239460AA819
:10F0300004F0DEFD204600F0E3FD044670B11C49FB
:10F0400000F0F0FD054600F0F7FD20B117492869F2
:10F05000F1F7BEF880B3204600F0A6FB154817E68E
:10F060006982030843820308518203085B82030814
:10F07000658203086C820308738203087F82030899
:10F080008A8203089A820308A1820308AD820308DA
:10F09000B8820308C8820308D4820308E582030803
:10F0A000EE820308A4530020405400202B83030861
:10F0B000918403087E830308B449204600F0B2FD22
:10F0C000B3498346204600F0ADFDB2498246204652
:10F0D00000F0A8FDB0498146204600F0A3FDAF49ED
:10F0E0008046204600F09EFDAD490746204600F0D0
:10F0F00099FDAC490646204600F094FD0546584669
:10F1000000F093FD18B1DBE90601F1F75DFD8346E0
:10F11000504600F08AFD18B1DAE90601F1F754FD16
:10F120008246484600F081FD002849D0D9E9060111
:10F13000F1F74AFD5FFA80F9404600F076FD18B11C
:10F14000D8E90601F1F740FD8046384600F06DFD34
:10F1500018B1D7E90601F1F737FD0746304600F050
:10F1600064FD78B3D6E90601F1F72EFD86B2284694
:10F1700000F05BFD40B3D5E90601F1F725FD85B24E
:10F18000204600F011FB08A8FCF772FDCDE90D87C1
:10F19000CDE90ABAADF83E508DF83090ADF83C603C
:10F1A0000AAC0FCC804D0FC594E8030085E803003E
:10F1B00008A8FCF762FDFFF75FFC0022282125E785
:10F1C0008146B9E70646D2E70546D9E7774928469A
:10F1D000FFF76CFC38B1284600F0E6FAFFF74CFC6C
:10F1E0003246292183E572492846FFF75FFC002853
:10F1F00044D0204600F004FD044678B16D4900F08B
:10F2000011FD064600F018FD28B130696849F0F795
:10F21000DFFF064658B1204600F0C6FA6648FEF702
:10F220009CF828464BB0BDE8F04F00F0BDBA6349EA
:10F23000204600F0F7FC074600F0F7FC0028EAD073
:10F240005F4B0022D7E90601F1F730F8F1F794FCA3
:10F25000002806DB40F2DC5340F2A4669842D8BF97
:10F2600006462046574C00F09FFA2846A66000F05C
:10F270009BFAFFF701FC2246202138E55249284637
:10F28000FFF714FC38B1284600F08EFAFFF7F4FBC4
:10F29000002233212BE54D492846FFF707FC06469F
:10F2A00038B1284600F080FAFFF7E6FB002234214F
:10F2B0001DE52046FFF7D8FB074688B14449FFF714
:10F2C000F5FB8046384600F06FFAB8F1000F07D022
:10F2D000284600F069FAFFF7CFFB3246392106E5F0
:10F2E0002046FFF7C1FB064678B13A49FFF7DEFB3F
:10F2F0000746304600F058FA3FB1284600F054FA6D
:10F30000FFF7BAFB00223721F1E42046FFF7ACFB00
:10F31000064678B13049FFF7C9FB0746304600F092
:10F3200043FA3FB1284600F03FFAFFF7A5FB002261
:10F330003821DCE42046FFF797FB064678B12749E1
:10F34000FFF7B4FB0746304600F02EFA3FB12846DF
:10F3500000F02AFAFFF790FB00224021C7E4204684
:10F36000FFF782FB064600283CD01D49FFF79EFBB5
:10F370000746304600F018FAA7B3284600F014FA02
:10F38000FFF77AFB00224121B1E400BF2C8403087F
:10F39000348303083F8303084E8303085A8303081A
:10F3A00065830308748303080C540020AB830308AF
:10F3B000B883030891840308C4830308C083030847
:10F3C0000000E03F94530020F08303087F8103088E
:10F3D000F7830308048403081484030825840308BE
:10F3E000348403082046FFF73FFB064678B12949DD
:10F3F000FFF75CFB0746304600F0D6F93FB12846E0
:10F4000000F0D2F9FFF738FB00223F216FE42046DD
:10F41000FFF72AFB064678B11F49FFF747FB07466F
:10F42000304600F0C1F93FB1284600F0BDF9FFF7C2
:10F4300023FB00223D215AE42046FFF715FB064638
:10F4400078B11649FFF732FB0746304600F0ACF9B9
:10F450003FB1284600F0A8F9FFF70EFB00223E213D
:10F4600045E42046FFF700FB044678B10C49FFF75E
:10F470001DFB0646204600F097F93EB1284600F0F5
:10F4800093F9FFF7F9FA0022422130E40548FDF72D
:10F490006AFFC6E643840308508403085D840308BA
:10F4A000698403087784030830B5411EC21C00201C
:10F4B00011F8013FA3F13004E5B2092D04D820442E
:10F4C00091420FD00001F3E7A3F14104052C02D8CB
:10F4D000373B1844F4E7A3F16104052C01D8573BEE
:10F4E000F7E7002030BD00002DE9F0470A688B687F
:10F4F00006465C1CD018D35C222B0F46144440F007
:10F50000E180D1F804C025460023A91A614580F0A6
:10F51000D9802978222919D1C3F10103281A3A691F
:10F52000184490478146002800F0CC808046AC42C9
:10F5300016D3002388F800301023C6E903393B684E
:10F54000ED1A0135BD600120BDE8F0875C2905D1C9
:10F550000135A91A8C4540F2B58001330135D4E755
:10F5600023785C2B06D0013408F1010288F80030C2
:10F570009046DCE76378752B0AD86D2B0FD8622B89
:10F580002AD023D82F2B39D05C2B37D0222B35D043
:10F590007B69484698473B68E41ABC6095E06E3B3F
:10F5A000072BF5D801A252F823F000BFE5F50208B9
:10F5B00091F5020891F5020891F50208EDF50208AF
:10F5C00091F50208F5F5020803F60208662BDFD173
:10F5D00008F101020C2302E008F1010208230221D4
:10F5E0000C44C3E708F101020A23F8E708F101021D
:10F5F0000D23F4E708F101020923F0E708F1010205
:10F60000EDE72B1B052BC3DDA01CFFF74DFFA0F57D
:10F610005C43B3F5806F8246BAD3A0F55843B3F587
:10F62000806F2CD2A31DEB1A052BB1DDA3795C2BC7
:10F63000AED1E379752BABD104F10800FFF734FFAD
:10F64000A0F55C43B3F5806FA2D2214BC0F3090053
:10F6500003EA8A23034303F5803A0C21F0200422B5
:10F6600002F1FF3C58FA8CFCE0455FFA8AF320D1A6
:10F67000012A14BF034303F07F034244B0E77F280D
:10F680000BD9B0F5006F0CD3B0F5803F0DD3B0F5BA
:10F69000881FBFF47DAF0621E0E70621002001228C
:10F6A000DEE70621C0200222DAE70621E02003225D
:10F6B000D6E703F03F0363F07F030CF801394FEA0C
:10F6C0009A1AD1E7002C7FF466AF00203CE700BF18
:10F6D00000FC0F0010B528B1016881B1D0E90132FA
:10F6E0009A4205D310BD8C5C202CFBD8013282607D
:10F6F00082689342F7D8F5D1013B8360F2E7084670
:10F70000F0E710B1806800B101B9704700680139B5
:10F71000F9E70000F8B50D460446002834D000296A
:10F7200031D08468FAB9194E74B3236AC3B1AB42BD
:10F7300021D005F1FF3C013B1CF8011F725C02F077
:10F740000302012A13F8012FB05C00F003000F46FA
:10F7500008BF01F12007012808BF203297420FD0CF
:10F760002468E1E724687CB1216A21B12846F0F7DA
:10F770002FFD0028F6D1236A002B08BF002403E0E8
:10F780000029D9D1F7E70C462046F8BD798D03084A
:10F7900010B5034628209847044618B128220021B6
:10F7A00004F026FA204610BD2DE9F041134E044620
:10F7B00000270CB9BDE8F081E368D4F80080DA05D1
:10F7C00004D4A06880B92069736898B9E36813F419
:10F7D000007504D1206A10B17368984725622046ED
:10F7E000736898474446E4E7FFF7DEFFE368DB050C
:10F7F000E9D5EBE798472761E8E700BFB4000020B0
:10F800002DE9F047064692B00C46002900F0C98069
:10F81000D1F80080B8F1000F00F0C3808D68D1F8F6
:10F8200004902F1D4F450AD88749042208EB050094
:10F8300004F0E6F918B90423F360A76080E005F14D
:10F84000050AD1450AD38149052208EB050004F0D9
:10F85000D7F918B90123F3605746EEE74F450BD8A7
:10F860007B49042208EB050004F0CAF920B9022301
:10F87000F36001237361E0E74D4580F0928018F852
:10F880000530222B08EB050006D12146304612B088
:10F89000BDE8F047FFF728BE2D2B03D0A3F13002BF
:10F8A000092A57D800230DF1080CDFF8AC81019329
:10F8B000A9EB050567464FF0010E10F8012B452A0C
:10F8C00040D82A2A10D9A2F12B01C9B20EFA01F1AF
:10F8D00011EA080F01D12E2A06D101333F2B0CF873
:10F8E000012B01D0AB42E8D148336B44002501A97C
:10F8F000384603F8405C03F067FADDF804A0BA4527
:10F9000059EC108B4DD04EA3D3E900234046494615
:10F91000F1F708F9C0B94F4B002240464946F1F7CC
:10F92000F7F8A0B940464946F1F726F90823F360F5
:10F93000A3687061AAEB070A5344C6E90689A3606D
:10F9400001202FE0652AC7E76FF00040EEE74FF097
:10F950000040EBE75B2B57D1E368B3F57A7F20D209
:10F960000133E36018F805305B2B1AD10135A5602F
:10F970002046FFF7AFFEA368994510D918F8032079
:10F980005D2A12D100252F46E368013BE36007B1F1
:10F990007D602023C6E90273A76801374DE7013B6C
:10F9A000A360002012B0BDE8F087013B0025A360F2
:10F9B0002F462069FFF7ECFEA8460546002800F018
:10F9C0009E80FFB1C8F80000C0F80480A36801332E
:10F9D000A3602046FFF77EFE21462846FFF710FF72
:10F9E00060B12046FFF776FED4E90123934205D2A9
:10F9F0002268D35C2C2BDCD05D2BC5D03846FFF7BA
:10FA0000D3FECEE70746E1E77B2BCAD1E368B3F527
:10FA10007A7FC6D20133E36018F805307B2BC0D162
:10FA20000135A5602046FFF755FEA3689945B6D974
:10FA300018F803207D2A11D100252F4656E000BF7B
:10FA40000000C0FFFFFFDF4195840308D46F030867
:10FA5000CF6F03080000E0C1E57F00040025013BF3
:10FA6000A3602F46A8462069FFF792FEA9460546E7
:10FA7000002844D0002F40D0C9F80000C0F80490FE
:10FA8000A368626801339342B8D2A3602046FFF7AF
:10FA900021FE21462846FFF727FD0028AED020464C
:10FAA000FFF718FE2B692B62D4E901239342C5F8B6
:10FAB0001080A3D22268D25C3A2A9FD10133A3607E
:10FAC0002046FFF707FE21462846FFF799FE00284B
:10FAD00094D02046FFF7FEFDD4E9012393428DD256
:10FAE0002268D35C2C2BBED07D2B87D1E368013BF1
:10FAF000E36007B17D6040234CE70746C0E7002F75
:10FB00003FF44FAF7AE700BF2DE9F043314F89B0A2
:10FB100005460C46164600211C2201A84FF000099C
:10FB2000984604F065F8C7E9009925B900242046F5
:10FB300009B0BDE8F083002C3DD0274B93E80700C7
:10FB400008ABCDE9015403E90700FFF721FE0446A5
:10FB5000002830D0019850B1039BE3B9029B042BDD
:10FB600004D91E49032204F04BF888B101A8FFF71D
:10FB7000B1FD01462046FFF743FEC8B1B8F1000FC2
:10FB80000BD1002ED3D0019B039A13443360CEE7F0
:10FB900003230393EAE74846E9E701A8FFF79AFD44
:10FBA000DDE90223934203D2019AD35C002BE8D013
:10FBB0002046FFF7F9FDDDE90223934201D332B17C
:10FBC000531E0EB1EA183260C7E90053AEE7134680
:10FBD000F7E700BF8C550020B4000020AC84030878
:10FBE00070B50D461646044648B1F0F751FB334652
:10FBF0002A46411C2046BDE87040FFF785BF70BD16
:10FC000000221146FFF7ECBF10B18368002003B952
:10FC100070471B680130FAE7002901DBFFF771BD6F
:10FC2000002070470022FFF775BD20B1007BA0F1D6
:10FC3000080358425841704720B1007BA0F11003DF
:10FC400058425841704720B1007BA0F12003584230
:10FC500058417047F0B5056802892B8A9A4262D2F2
:10FC60002A6841898B0052F8211001F00307C1F383
:10FC70000724012F8475C1F385061CD0022F26D0DE
:10FC80008FBBC1F30363C1F307470A0F4FF0010CA9
:10FC900042824268A0F814C0068252BB82610262AE
:10FCA00004F00E04082C3CD1C2896B6853F8223052
:10FCB00043620120F0BD1A44C1F30B4C5268130F8C
:10FCC00046EA831697B20B0FC2F30B42E0E71A44E1
:10FCD000D2E901374FEA114C190A46EA811192899B
:10FCE0008EB25BB2D4E71A44D2E90137B2F810C041
:10FCF000F2E73A4404F0C00143B1D31A802982618B
:10FD0000036206BF1368C361C261C9E704F030062D
:10FD1000202EF3D13F2C01D98029EFD100F114031B
:10FD2000ECE70023C4E70020C4E70389016801333E
:10FD30000A8A9BB29A4210B5038103D80023C0E916
:10FD4000023310BD0B68428953F8221001240B0ABC
:10FD500001F0030104FA01F10A444281828903F0AF
:10FD60003001002908BF01328281C28903F00E03ED
:10FD7000082B08BF0132C281E3E770B504460E4686
:10FD8000154600212022083003F032FFC4E9006547
:10FD90002046BDE87040FFF75DBF38B50B680C46E4
:10FDA00099680B681B6803F44043B3F5004F0546A0
:10FDB00014BF6268221D0C34FFF7DFFF2C6238BDD0
:10FDC00010B50446FFF7B1FFFFF744FF2089003864
:10FDD00018BF012010BDFFF7D0BFFFF7DEBF0B46F5
:10FDE0001146528A082A10B40FD1CA696AB130B1DB
:10FDF000146824B1043223465DF8044B184723B13C
:10FE0000146814B104321846F5E701205DF8044B7C
:10FE1000704710B50346406884185C6004F00FF822
:10FE2000012010BD00B5837D3F2B8BB001464BD820
:10FE300013F0300024D0202802D10B6A188806E085
:10FE40003028FAD0102806D10A6A22B11078B0FA08
:10FE500080F0400914E00A689268C2B903F00F020A
:10FE60000B2A1DD8DFE802F006060606060615175F
:10FE70001C1C1C1ACB694A8A1A44934203D10120E4
:10FE80000BB05DF804FB13F8011B0029F5D000202E
:10FE9000F6E7CB69D2E7CB691878D8E7488AD6E786
:10FEA00003F00E03082BF2D1CA69496A6846FFF7CE
:10FEB00064FF0028E3D06846FFF7B4FF0028DFD0D6
:10FEC0006846FFF77DFFF4E703F0C002802A01D106
:10FED000C069BCE7402ADAD103F00F030A2B02D134
:10FEE000CB691868B3E70368024AD8689042AED17C
:10FEF000F6E700BFDFFD020810B5044C8260002267
:10FF0000C0E90041C0E9032210BD00BF13FE020892
:10FF1000F8B5C368044615469AB106688EB1D31881
:10FF200002D287689F4207D22369084A002B08BF84
:10FF3000134623610020F8BDB04710B92369044A75
:10FF4000F4E7E3682B44E3600120F4E7B08403089E
:10FF5000BC840308F0B5802A85B073F10001064621
:10FF6000D4B201A906D28DF804400122FFF7D0FFD8
:10FF700005B0F0BDD50904F07F040846002253EA1D
:10FF8000050C174602F1010208D13A4602F11003AE
:10FF90006B44013203F80C4C3046E7E764F07F0411
:10FFA000042A00F8014B05F07F044FEAD515E6D18D
:10FFB000002BEBD0180100F070000443DB08002B8D
:10FFC000E4D064F07F04545403F07F040132DB0971
:10FFD000F5E7921843EB030182EAE37281EAE373E7
:10FFE000FFF7B8BF10B48C7D4B8A04F00F04022CCD
:10FFF00003F1FF3318D1072B33D8DFE803F0040BEC
:020000040803EF
:10000000320E32323211CB691A7800235DF8044B7C
:10001000FFF7A0BFCB691A88F7E7CB691A68F4E746
:10002000CB69D3E90023F1E7072B1AD8DFE803F007
:10003000040E191219191915CB6993F90020D31759
:10004000032CE3D15DF8044BFFF7C3BFCB69B3F9D1
:100050000020F4E7CB691A68F1E7CB69D3E9002304
:10006000EEE70369044A5DF8044B002B08BF134612
:1000700003610020704700BFC58403080422FFF716
:1000800047BF0822FFF744BF4A8A042A02D1C96940
:10009000FFF7F4BF082A02D1C969FFF7F2BF02696E
:1000A0000349002A08BF0A4602610020704700BFCA
:1000B000C584030813465B0F41EAC202FFF74ABF3B
:1000C0008A7D02F00F020B460B2A11D8DFE802F0FE
:1000D0000C0C0C0C0E060A0A0A0A100A01211A8AD4
:1000E000FFF7E8BF0221FAE70021F8E70521F6E76C
:1000F0000369034A002B08BF1346036100207047C1
:10010000D784030870B5002304460D461646FFF752
:1001100021FF30B1324629462046BDE87040FFF746
:10012000F7BE70BD2DE9F04186B00E46174600219E
:100130001422044601A803F05BFD3A46314601A8AB
:1001400000F0C4F910B9059B236108E0049D4FF04D
:1001500000082A4643462046FFF7FCFE18B9002057
:1001600006B0BDE8F081216821B92A462046FFF794
:10017000CFFEF5E7E368A2682B44934205D92369D3
:100180000E4A002B08BF1346DEE7636801913A462A
:10019000314601A8CDE90235CDE9048800F096F991
:1001A000049AE3681344E360AA42029B6360059BE0
:1001B00001D12361D4E7024AE3E700BFB08403081A
:1001C000EA840308CB6970B504460D46002B7FD046
:1001D000FFF776FF002873D0A87D00F00F030B2BEC
:1001E00073D8DFE803F00611111117171D355252AD
:1001F000726FEB691A78003A204618BF0122BDE8F9
:1002000070400023FFF7A6BE29462046BDE8704097
:10021000FFF7E8BE29462046BDE87040FFF734BF2F
:10022000E96909B90A460EE03F280A880AD86B8AAC
:10023000023B934206D22369264A002B08BF13468D
:1002400023613DE002312046BDE87040FFF75ABF10
:1002500000F0C00080286B8AE9690ED013B92369C9
:100260001D4AEAE7013B0029DCD000229A42885C63
:1002700006D00028E7D00132F8E74FF0FF33F2E76D
:100280000028E0D02369154AD7E76A6A12B92369C2
:10029000134AD2E7092B06D0EA69696A2046BDE80D
:1002A0007040FFF73FBF2A6A002AF5D052F8083C99
:1002B000002BF1D0043A2946204698470028EBD17C
:1002C000002070BD6A8AE969BDE72369054AB4E781
:1002D0000120F6E7FE84030812850308258503083C
:1002E00039850308D78403082DE9F0438B7D03F09B
:1002F0003002302A87B005460C4612D10B6A1A88A4
:100300000B8A9A4214D1E269A37DEAB913F0300F47
:100310000ED12B69694A002B08BF13462B610020C0
:1003200007E0102AEFD10A6A32B11378002BEAD124
:10033000012007B0BDE8F0833F2BE4D80846FFF763
:1003400071FD0028DFD0F3E703F0C002402A0CD192
:100350002368DB68002BEBD0224629460020984713
:100360000028E5D12B69564AD5E703F03001202952
:1003700040F09D80216A0E88002ED9D0802A05D0B9
:10038000A28AB24202D22B694E4AC4E703F00F039D
:10039000052B58D8228A02212846FFF78BFE002819
:1003A000BDD0A37D03F00F03042B10D1B7003A4654
:1003B00000232846FFF7CEFD0028B0D0296849BBAE
:1003C0003A46284607B0BDE8F043FFF7A1BD052B2C
:1003D00001D1F700EBE71422002101A803F008FC8B
:1003E000D4F81C800027214601A8FFF7FBFD28B99F
:1003F0002B69002B92D1059B334A8CE7E369628A13
:1004000001371344E361BBB2B342ECD3049FC4F899
:100410001C80CCE70027A37D03F00E03042B2146AC
:1004200028460DD1FFF730FE00283FF478AFE3698E
:10043000628A01371344E361BBB2B342EBD377E77F
:10044000FFF7D0FDF0E74FF00008A37D03F0CE03E7
:10045000862B27D1E769D7F80090C4F81C90214675
:100460002846B9F1000F1AD1FFF72AFE08B9E76153
:1004700055E7012201A928468DF80490FFF748FDB1
:10048000E76100283FF44BAFE369628A08F1010895
:100490001344E3611FFA88F39E42D6D848E7FFF77A
:1004A00091FEEDE721462846FFF78CFEE9E721465D
:1004B000284607B0BDE8F043FFF784BE5285030825
:1004C00069850308788503089085030830B595B0E1
:1004D00004466846FFF77FFC70B39DF8163003F0C2
:1004E0000F030A2B21D1079B1D681DB96846FFF732
:1004F00067FCF1E72B685B68294623B120469847E3
:1005000058B1AD68F1E70AA8FFF767FC40B9236965
:100510000A4A002B08BF13462361002015B030BDE6
:100520000AA92046FFF7E0FEEAE769462046FFF702
:10053000DBFE0028DAD1F0E70120EFE7978503081A
:1005400070B505460E46F2F7B3FF0446314628461D
:1005500001F090F820B1F2F7ABFF031B042BF5D9A3
:1005600070BD000010B50C4C23789BB90B490C48AA
:100570004FF48052FBF7C0F80A48FBF785F80123D7
:100580002370F2F795FF084BBDE81040186007484C
:10059000FCF7E9BE10BD00BFEC6A002098590020AE
:1005A00098690020A469002094590020A9850308B7
:1005B00000487047A469002070B50446C0B1B9B1C5
:1005C0000C4E451814F8011B3046FBF79BF8AC4263
:1005D000F8D1094B1A78022A06D002221A7007486D
:1005E00000220121FBF767F8F2F762FF044B186065
:1005F00070BD00BF98690020EC6A0020A46900204B
:100600009459002008B5F2F753FF0F4B1B68C01A2E
:10061000B0F57A7F09D90D4B1978022905D101224D
:100620001A700B480022FBF746F80A490A484FF4B3
:100630008062FBF797F810B10648FEF721FBBDE892
:1006400008400348FBF73AB894590020EC6A0020B0
:10065000A469002094550020986900200FB400B5CB
:10066000154B93F89C32032BADF20C4D1DD10DF2BE
:100670001443DDF81024019340F2FD3102A803F089
:1006800005FA002811DB40F2FD33984228BF1846D6
:1006900002AA0D231354811C10440A234370002323
:1006A0005354104689B2FFF74BFF0DF20C4D5DF825
:1006B00004EB04B0704700BF846B002038B131B147
:1006C000034B93F89C32032B01D1FFF739BF7047DE
:1006D000846B0020074A10B51168074A074C12685E
:1006E00024688260064AC260064A0261C0E900418D
:1006F00010BD00BFCC000020D4000020D00000209E
:10070000706B0020506B002000487047406B002049
:1007100000487047306B002000487047206B002075
:1007200000487047106B0020024B93ED000AB8EEB2
:10073000400A7047D4000020014B93ED000A704737
:10074000C400002030B5064C034600F110051868BF
:100750005968224603C20833AB421446F7D130BD74
:10076000406B002030B5064C034600F110051868B8
:100770005968224603C20833AB421446F7D130BD54
:10078000306B002030B5064C034600F110051868A8
:100790005968224603C20833AB421446F7D130BD34
:1007A000206B002030B5064C034600F11005186898
:1007B0005968224603C20833AB421446F7D130BD14
:1007C000106B002030B5064C034600F11005186888
:1007D0005968224603C20833AB421446F7D130BDF4
:1007E000006B002030B5064C034600F11005186878
:1007F0005968224603C20833AB421446F7D130BDD4
:10080000F06A0020014B1860704700BFD400002040
:10081000B5EEC00AF1EE10FA114B08DD9FED117A2A
:10082000F0EEC07AF4EE477AF1EE10FA04DD93EDC3
:10083000000A83ED000A7047DFED0B7AB4EEE70A99
:10084000F1EE10FA09D4DFED097AB4EE670AF1EEA1
:1008500010FAC8BFB0EE670AEBE7B0EE670AE8E748
:10086000C4000020FFFF7F7F0000484200007A4460
:10087000014B93ED000A7047C0000020014B83ED4F
:10088000000A7047C0000020034A03461060102190
:10089000024A034803F052B8D0000020C485030880
:1008A000706B0020034A034610602021024A03486F
:1008B00003F044B8CC000020C1850308506B002031
:1008C000014B1868704700BFC8000020A0F150031A
:1008D000B3F5F66F09D3064B1B6840F2FF709842E0
:1008E00028BF1846502838BF5020024B1860704768
:1008F000D0000020C8000020D0F8D43200EB8300E4
:1009000010B5D0F8C0428CB1D0F8C4321BB194F805
:100910000002FF2801D1002010BD9B6894F801223D
:1009200021469847FF2384F80032F4E70320F3E7D9
:100930000A230380004870475401002070B58221CB
:1009400006460F4800F07AFB012105460C4800F0EE
:1009500075FB812104460A4800F070FB0DB110229E
:10096000AA711CB1402222710022627118B140228A
:1009700002710022427143230148338070BD00BFE1
:10098000D8000020FFF7DABF70B5822106460F4875
:1009900000F054FB012105460C4800F04FFB81217B
:1009A00004460A4800F04AFB0DB11022AA711CB19E
:1009B000002222710222627118B100220271022209
:1009C000427143230148338070BD00BFD80000202E
:1009D00038B5D0F8D432B033044650F823508DB136
:1009E00000F0D4FFD4F8D432C5F80C0204EB830431
:1009F000D5F80402D4F8C43205F50371DB689847D2
:100A0000002038BD0320FCE7F8B5D0F8D462D0F858
:100A1000C87200EB86060A46D6F8C05225B301F02C
:100A20000F0C142404FB0C04A3697BB14FF0240EBB
:100A30000EFB0C77FF69B3FBF7FC07FB1C332BB9EC
:100A4000A3611A4600F0F3FF0020F8BD0023C5F8AB
:100A50001432D6F8C4321B69002BF5D0D5F8080241
:100A600005F504719847EFE70320EEE7D0F8D4329C
:100A7000F7B500EB83030022D3F8C0628DF80520A0
:100A800004460D46ADF80620002E65D091F800C052
:100A90001CF0600229D0202A5AD1CA884F78F2B1BE
:100AA0001CF0800F0ED0D3F8C43231469B68384614
:100AB0009847EA88072A28BF07223146204600F0D7
:100AC00041FD09E0402A28BF402286F8007286F8DE
:100AD0000122314600F04BFD002003B0F0BDD3F8F9
:100AE000C43238469B689847F6E74B780B2B2FD8D3
:100AF00001A252F823F000BF290B0308D90A03080A
:100B0000510B0308510B0308510B0308510B030849
:100B1000510B0308510B0308510B0308510B030839
:100B2000390B0308490B030890F89C32032B0FD1B3
:100B300002220DF10601C1E790F89C32032B07D188
:100B400001220DF10501B9E790F89C32032BC3D0C7
:100B50002946204600F0CFFC0320BEE738B5044606
:100B60000025812100F036FF01212587204600F075
:100B700031FFA4F878518221204600F02BFFD4F8F1
:100B8000D432E56404EB8303D3F8C0228AB1D3F8EE
:100B9000C4325B689847D4F8D432B03354F8230099
:100BA00000F0FCFED4F8D432B03344F82350C4F83B
:100BB000BC52002038BDF8B504464FF4077000F071
:100BC000E9FE054630B9D4F8D432B03344F82300F6
:100BD000022046E04FF40772002103F009F8D4F830
:100BE000D432B03344F82350237CC4F8BC52CBBB7E
:100BF0004FF4007381210222204600F0DFFE012124
:100C000021874FF400730222204600F0D7FE012610
:100C100010230322A4F84E3082210823A4F878611F
:100C2000204600F0CBFED4F8D432A4F84C6004EB9C
:100C300083030027D3F8C432C5F804721B689847B1
:100C4000D5F80422C5F81472C5F81872002ABFD06E
:100C5000237C8BB94FF400733146204600F0F0FE40
:100C60000020F8BD402381210222204600F0A6FE8C
:100C7000012121874023C6E74023EDE739B1D0F8B1
:100C8000D43200EB8300C0F8C41200207047032068
:100C90007047D0F8D432B03350F823302BB1C3F8BA
:100CA0000812C3F810220020704703207047D0F8C4
:100CB000D432B03350F823301BB1C3F804120020F3
:100CC000704703207047D0F8D432B03310B550F8D5
:100CD00023207AB1D2F8144201236CB9C2F814323D
:100CE000D2F81032C362D2F80822812100F09FFEB0
:100CF000204610BD0320FCE71846FAE7D0F8D422BE
:100D0000B03208B550F8222062B1037CD2F8042238
:100D100033B94FF40073012100F092FE002008BDAA
:100D20004023F8E70320FAE778B10023C0F8B8328F
:100D3000C0F8C432C0F8D03209B1C0F8B4120123EF
:100D400080F89C32027000F0E1BD0320704713B5BB
:100D500000230446ADF8063081B1CB6AC0F8B81262
:100D600023B10DF106009847C4F8D002D4F8D83268
:100D70000133C4F8D832002002B010BD0320FBE7D5
:100D800000F013BED0F8B8320BB11B6818471846F4
:100D9000704708B5D0F8B8325B689847002818BF8C
:100DA000032008BD38B5044600F2AA25284600F005
:100DB00097FB012394F8AA12C4F89432B4F8B03225
:100DC000C4F8983201F01F03012B08D0022B0CD07D
:100DD0008BB929462046BDE8384000F04DB9294678
:100DE0002046BDE8384000F0ABBA29462046BDE8B1
:100DF000384000F0D4BA204601F08001BDE8384008
:100E000000F0FABD70B50446164609BBD0F894321E
:100E1000032B0CD1D0E9573293420AD99B1A9A423C
:100E2000C0F85C3128BF1A46314600F0ADFB002007
:100E300070BD90F89C32032B06D1D0F8B8321B69F4
:100E400013B1C0F8D4129847204600F0A5FBEEE796
:100E500090F89C32032BEAD1D0F8B8329B69002B72
:100E6000E5D00022BDE87040C0F8D422184770B524
:100E7000044616460D4600293DD1D0F89432022B87
:100E80000ED1D0E90732934212D99A1AC261314683
:100E900000F065FB2B462A462946204600F0D0FD8F
:100EA00094F8A03213B1002384F8A032002070BD62
:100EB0000CD18269934209D8D0F898329A4205D26F
:100EC0000A4600F04CFBC4F89852E3E794F89C32D1
:100ED000032B08D1D4F8B832DB6823B10022C4F860
:100EE000D422204698478021204600F085FD2046E8
:100EF00000F05DFBD4E790F89C32032BD6D1D0F8FC
:100F0000B8325B69002BD1D00022BDE87040C0F838
:100F1000D4221847F8B5012380F89C32D0F8B832B3
:100F200000210446C0F894124160C0F8A41280F871
:100F3000A012B3B900260022402511460127402304
:100F4000204600F03BFDA4F86471C4F860512B46C4
:100F500000228021204600F031FDA7842562304622
:100F6000F8BD5B68002BE5D098470028E2D0032647
:100F7000E1E701740020704790F89C32042B1EBFFB
:100F800090F89C32DBB280F89D32042380F89C32CA
:100F90000020704790F89C32042B02BF90F89D32DD
:100FA000DBB280F89C320020704708B590F89C2294
:100FB000032A05D1D0F8B83213B1DB6903B19847E1
:100FC000002008BDD0F8D422AE3208B550F8222057
:100FD0004AB190F89C32032B01D1136A0BB900205F
:100FE00008BD9847FBE70320FAE7D0F8D422AE32D9
:100FF00008B550F822204AB190F89C32032B01D159
:10100000536A0BB9002008BD9847FBE70320FAE7B5
:1010100000207047012208B580F89C22D0F8B82241
:101020000AB9002008BD5268017990470028F8D01D
:101030000320F7E7002070470020704710B5428872
:1010400003789A4201D8002010BD0478204423443C
:101050004478052C9BB2F4D184788C42F1D1F3E72B
:1010600010B58021044600F0C7FC20460021BDE8F1
:10107000104000F0C1BC000073B50B7803F06003B2
:10108000202B04460D4609D0402B07D093B12046B3
:10109000FFF7E6FF0025284602B070BDD4F8D43231
:1010A000AE33294654F823309B68204602B0BDE891
:1010B000704018474B78092BE9D801A252F823F069
:1010C000E1120308251303088F100308091303080E
:1010D0008F100308DB110308E91003088F100308C1
:1010E000B51203081D1203080023ADF806304B8823
:1010F0001A0A013A062ACAD801A151F822F000BF03
:101100001D1103084F110308691103088F1003080C
:101110008F100308AD110308C3110308D0F8B432CF
:101120001B68207C0DF106019847EA88002A00F030
:10113000A480BDF80630002BA9D09A4228BF1A46D9
:10114000ADF806200146204600F0FCF9A2E7027C3B
:10115000D0F8B83232B99B6A0DF1060098470223E5
:101160004370E2E7DB6AF7E7DBB2052B8FD8DFE8F5
:1011700003F003090D111519D0F8B4325B68002B88
:10118000CFD184E7D0F8B4329B68F8E7D0F8B43216
:10119000DB68F4E7D0F8B4321B69F0E7D0F8B4327A
:1011A0005B69ECE7D0F8B4329B69E8E7037C002B7D
:1011B0007FF46DAFD0F8B8320DF106005B6B984745
:1011C000B3E7037C002B7FF462AFD0F8B8320DF1A7
:1011D00006001B6B98470723C2E78B88002B7FF420
:1011E00056AFCB88002B7FF452AF4D887F2D3FF652
:1011F0004EAF90F89C32032B3FF449AFEDB280F82C
:101200009E52294600F00AFC204600F0C5F91DB1A7
:10121000022384F89C323DE70123FAE78978474DA1
:101220000129297003D9FFF71BFF032533E790F845
:101230009C32022BDEB208D0032E17D0FFF710FF2E
:1012400029782046FFF7A5FDEFE7B1B10121416004
:10125000FFF798FD0546204625B1FFF701FF84F80A
:101260009C6218E700F098F90323D2E749B90223FA
:1012700080F89C324160FFF78CFD204600F08CF92D
:1012800008E741680129F8D0C9B2FFF782FD297843
:1012900061602046FFF776FD05460028EDD0204628
:1012A000FFF7DEFE21792046FFF773FD022384F865
:1012B0009C32F0E6CA88012A7FF4E9AE90F89C12CD
:1012C0000229CBB207D8002B3FF4E1AE0146002340
:1012D00041F8083F37E7032B7FF4D9AE011D32E711
:1012E00090F89C32013B022B3FF6D1AECA88022A0D
:1012F0007FF4CDAED0F8A432003B18BF01230146E5
:101300005B0041F80C3F1EE74B88012B02D1C4F86B
:10131000A432B2E7022B7FF4BAAE8B881B0A80F8A6
:10132000A032AAE790F89C32013B022B3FF6AFAE09
:101330004B88012B7FF4AEAE0023E8E7806B0020E2
:1013400070B50B7803F060025B0604460E4601D5CB
:10135000402A1FD194F89C32013B022B1AD83179D4
:101360000129204617D8FFF765FE88B9D4F8B832AE
:101370009B686BB1C4F8D4023146204698470546B5
:10138000F3881BB915B9204600F006F9284670BD50
:101390000325F5E72046FFF763FE0025F6E770B565
:1013A0000B788A880D7903F06003202B04460E46E3
:1013B00058D0402B56D01BB12046FFF751FE3DE0E0
:1013C0004B78012B3CD0032B25D0002BF4D190F887
:1013D0009C32022BD9B261D00329EDD105F00F0365
:1013E00012F0800F4FF0140202FB030365D09B8CB8
:1013F000002BE1D005F07F06013606EB8606802D36
:1014000000EB860665D02946204600F0ADFA00289C
:1014100064D001235EE090F89C32022BDAB233D024
:10142000032AC9D14B8833B9690604D0F38813B9AC
:10143000294600F0E1FA204600F0AEF8002070BD29
:1014400090F89C32022BDAB21ED0032AB4D14B881A
:10145000002BF3D16B0602D0294600F0D6FA2046C5
:1014600000F09AF829462046FFF7E6FD0028E5D16E
:10147000D4F8B832C4F8D4029B68002BDED03146D1
:101480002046BDE8704018476A0695D0294600F00E
:10149000B3FA8021204600F0AFFACFE769068BD17E
:1014A00013064CBF00F1140100F5AA7100230B6074
:1014B0000222204600F046F8C0E7B3F86431002B62
:1014C0003FF47AAF142606FB050606F5AA76002D32
:1014D00099D10023336002223146EAE73060FAE70F
:1014E0000B7803704B7843704B8843808B888380E4
:1014F000CB88C380704710B58021044600F07CFA89
:1015000020460021BDE8104000F076BA70B50D46C7
:101510001646044670B1EEF7BBFEC3B201335B0062
:1015200033802B7003236B70013C0223002114F8DD
:10153000012F02B970BDEA545A1CD2B20233A95429
:10154000DBB2F4E710B513460222C0E90633C0F857
:1015500094220A46002100F06AFA002010BD08B566
:1015600013460A46002100F062FA002008BD10B5BB
:1015700013460322C0E95633C0F894220A460021DC
:1015800000F05EFA002010BD08B513460A4600219F
:1015900000F056FA002008BD08B504220023C0F868
:1015A000942219461A4600F042FA002008BD08B5F8
:1015B00005220023C0F8942219461A4600F040FA8A
:1015C000002008BD08B50F490F480022FFF7ACFB0B
:1015D00008B1F1F7C3FA0D490B48FFF7B8FB08B1A2
:1015E000F1F7BCFA0A490848FFF748FB08B1F1F7E0
:1015F000B5FA0548FFF7C4FB18B1BDE80840F1F79C
:10160000ADBA08BDA8010020846B00201C01002099
:10161000600100200020704700207047014B00202F
:1016200018607047607E002038B5074D0968044691
:10163000FEF7C2FF21462846FFF739FB2846FFF791
:101640005DFB002038BD00BF846B002010B5064C48
:10165000064900222046FFF71CFB05492046FFF7FC
:1016600026FB002010BD00BF846B0020606E0020B0
:10167000607600202DE9F041DFF86480D8F8BC7274
:1016800004460E463FB3D7F81432144D9BB1F1F720
:101690000FFF2B6823B9286001242046BDE8F081A4
:1016A0002B68C31A312BF7D98121404600F09BF9F2
:1016B0000023C7F81432214632460948FFF7E9FAF9
:1016C0000748FFF700FB044618B9F1F7F1FE286060
:1016D000E3E70020FBE70324DFE700BF607E002094
:1016E000846B0020122301480B8070479401002076
:1016F000042301480B80704790010020002370B53F
:101700004D1C1E46040FB0F1204F34BF3034373427
:1017100001F8134005F813600133DCB2A2424FEA2E
:101720000010EFD870BD00001A2310B50B800A4BD3
:10173000D3F8100AD3F8182A80180AD0D3F8144A1C
:1017400006490822FFF7DAFF042210312046FFF78E
:10175000D5FF034810BD00BF0070FF1F76010020B9
:101760007401002010B5044C04480A462146FFF7D6
:10177000CDFE204610BD00BF647E0020C885030852
:1017800010B5044C04480A462146FFF7BFFE204628
:1017900010BD00BF647E0020DB85030810B5044C3B
:1017A00004480A462146FFF7B1FE204610BD00BF9F
:1017B000647E0020F185030810B5044C04480A46F5
:1017C0002146FFF7A3FE204610BD00BF647E002027
:1017D000FC85030830B5044689B01422002103A813
:1017E00002F006FA2368B3F1A04F2ED1184C194825
:1017F00000250195236B43F001032363236B03F062
:10180000010301934FF4C052019B0223CDE903234E
:1018100003210A23CDE9061303A9F2F791FA636BBA
:1018200043F0800363630295636C43F48043636415
:10183000636C03F48043029343202A462946029BAB
:10184000F1F762FE4320F1F791FE09B030BD00BF11
:10185000003802400000024000F29C41D0F8E00451
:10186000FFF7A0BA242303FB0103D0F8E004D3F868
:101870006022FFF7C7BA242303FB0103D0F8E0047A
:101880001A6AFFF7F4BAD0F8E004FFF78EBB10B580
:10189000C179044621B1022901D0F1F75FF9012194
:1018A000D4F8E004FFF765FBD4F8E004BDE810408D
:1018B000FFF730BB10B50446D0F8E004FFF75CFB3F
:1018C0002268D2F8003E43F00103C2F8003EE37AFA
:1018D00023B1034A136943F00603136110BD00BF2F
:1018E00000ED00E0D0F8E004FFF754BBD0F8E004CE
:1018F000FFF77BBBD0F8E004FFF764BBD0F8E0044F
:10190000FFF786BBD0F8E004FFF784BB08B5027888
:10191000034622BB1348C0F8E034C3F8C8024FF0B6
:10192000A0430360042303714FF40073C3800223B8
:10193000437242810273C281F3F7F4FE08B1F1F7FA
:101940000DF980210748F4F733FC402200210548B7
:10195000F4F70FFC034880220121F4F70AFC002071
:1019600008BD00BF8482002011F0800FD0F8C8327B
:101970004FF024021BBF01F07F0102FB013302FB89
:101980000133987D08BF93F856027047D0F8C8021B
:10199000F3F7EEBF0048704764800020704718B12D
:1019A00002280CBF01200320704708B5D0F8C802F8
:1019B000F3F727FFBDE80840FFF7F1BF10B5144665
:1019C000D0F8C8021A462346F3F74DFFBDE8104091
:1019D000FFF7E5BF08B5D0F8C802F3F77DFFBDE813
:1019E0000840FFF7DCBF08B5D0F8C802F4F7A8FB41
:1019F000BDE80840FFF7D3BF08B5D0F8C802F3F739
:101A0000DAFFBDE80840FFF7CABF08B5D0F8C80242
:101A1000F4F708F8BDE80840FFF7C1BF08B5D0F8F3
:101A2000C802F3F70DFFBDE80840FFF7B8BF08B5DF
:101A3000D0F8C802F3F7A4FFBDE80840FFF7AFBF36
:101A400008B5D0F8C802F3F775FFBDE80840FFF706
:101A5000A6BF000070B5049C826004F18044013C84
:101A600005460C4401801E46A2001846002102F0E3
:101A7000BFF86E6070BD00BF2DE9F04F2DED108BEB
:101A800089B0054603900088D5F804C004931E462B
:101A900000F18043013B0CEB8304F308D5F8088088
:101AA000019025460094029300F0EE814FEAD009A0
:101AB0009E464FEA49131E1F0446059608EB030095
:101AC00004F0070A13460CF12004CDF818C0844630
:101AD0004846DDF81490079105F1200701F1200632
:101AE00002F1200552469A4656F8203C47F8203C21
:101AF00056F81C3C47F81C3C56F8183C47F8183C74
:101B000056F8143C47F8143C56F8103C47F8103C83
:101B100056F80C3C47F80C3C56F8083C47F8083C93
:101B2000DFEDF13A56F8043C47F8043C14ED083A6E
:101B300054ED072A14ED062A54ED051A14ED041A83
:101B400054ED030A14ED020A211FF0EE638AF0EE51
:101B5000639AF0EE63AAF0EE63BAB0EE63CAF0EEF9
:101B600063CAB0EE63DA002800F0E88108F12001D2
:101B700004F11C03834613ED088A11ED084A51ED68
:101B8000074A11ED065A51ED055A11ED046A51ED5F
:101B9000036A11ED027A51ED017A23EE04FA62EE46
:101BA00084EA13ED073A22EE04EA61EE84DA21EECC
:101BB00004BA20EE84AA20EE049A28EE044A62EECB
:101BC00024FA3CEE0ECA7BEEADBA21EEA4EA61EE39
:101BD00024DA7AEE8BAA79EE8A9A20EEA4BA20EE65
:101BE00024AA3DEE0FDA7CEEAECA22EEA4FA78EE1D
:101BF000898A53ED062A28EE249A73EE843A63EE1E
:101C0000244A22EE054A61EE05EA13ED052A3DEE6F
:101C10000FDA7CEEAFCA20EE85FA61EE85FA3CEE73
:101C20000EEA7BEEADDA3AEE8BBA60EE05BA68EEFC
:101C300005AA39EE8AAA78EE898A73EEA43A63EE91
:101C4000054A22EE855A21EE259A20EE25CA3DEE60
:101C500004DA7CEEAFCA21EEA54A3EEE2EEA53ED41
:101C6000041A60EEA5EA7DEE8FDA3BEE2BBA3AEE6F
:101C70002AAA68EE25BA63EE25AA78EEA48A73EE46
:101C8000853A22EEA55A62EE255A61EE064A60EECA
:101C9000869A60EE06FA13ED031A23EE06FA3DEE7D
:101CA00004DA7CEE89CA3EEE2EEA28EE069A7DEE34
:101CB0008CDA3BEE2BBA22EE86CA3AEE2AAA78EEEE
:101CC000858A73EEA53A62EE065A21EE866A20EE08
:101CD000264A63EE26EA3AEE0CAA22EE265A3DEE9A
:101CE00024DA7CEEA9CA60EEA64A3EEE2FEA53ED56
:101CF000020A68EE26FA7DEE89DA3BEE0FBA78EE3C
:101D0000A58A22EEA6FA73EE863A21EEA66A61EE65
:101D1000266A60EE07AA28EE07CA63EE07BA7AEED3
:101D2000059A78EE868A3DEE24DA7CEE84CA7DEE52
:101D3000AEDA22EE079A62EE87EA61EE875A73EE18
:101D4000A63A13ED010A61EE076A3EEE2FEA3BEE7A
:101D50000FBA20EE877A68EE274A3DEE2ADA7CEE4B
:101D60008CCA23EE278A3EEE2BEA22EEA74A22EE09
:101D700027AA21EEA75A21EE276A78EEA66A7DEE01
:101D8000AEDA60EEA78A3BEE09BA79EEA59A73EE59
:101D9000873A60EE277ABBF1010B01F120013DEE9D
:101DA00024DA7CEE88CA3EEE04CA7DEE8ABA7BEE67
:101DB00005AA79EE869A76EEA88A73EEA73A03F121
:101DC00020037FF4D8AE09EB0401E346A2B3134627
:101DD000BBEC016AF1EC017A23EE063A22EE864A68
:101DE00062EE064A21EE865A61EE065A60EE866A77
:101DF00020EE067A27EE866A013B3DEE03DA7CEEA2
:101E000084CAB0EE623A3CEE24CAF0EE422A7BEE7F
:101E100085BAB0EE612A7AEEA5AAF0EE411A79EE03
:101E2000A69AB0EE601A78EE878AF0EE400A73EE5A
:101E3000863AB0EE670ACBD1BEF1010E05ED08DAA5
:101E400045ED07CA05ED06CA45ED05BA45ED04AAFC
:101E500045ED039A45ED028A45ED013A07F1200769
:101E600006F1200604F1200405F120057FF43CAEC4
:101E7000029B0098DDF818C007995B015246184490
:101E8000009019449C441A44049B13F0070E1FD081
:101E9000009FDDF804907646654651F8043BDFED7F
:101EA000126A47F8043B44464B462846B0EC017A98
:101EB000F4EC017A67EE277A013B76EEA76AF5D15A
:101EC000013EE2EC016A05F10405E6D10CEB8E0C53
:101ED000019B591E039B8E085C6820D004F1100200
:101EE0000CF11003304601E00000000053F8105CD4
:101EF00042F8105C53F80C5C42F80C5C53F8085C38
:101F000042F8085C53F8045C42F8045C013803F1C1
:101F1000100302F11002E9D133011C449C4411F07A
:101F2000030306D022465CF8041B42F8041B013B65
:101F3000F9D109B0BDEC108BBDE8F08FC34645E781
:101F400038B50446826001701D46CA00184600215B
:101F500001F04EFE656038BD1FB514461A46094BA8
:101F60001B680546D8684CB1074B0091CDE9013498
:101F700006492B4601F0B2FC01F07AFF044B1C46E7
:101F8000F3E700BF3C0300200A8603081786030816
:101F9000EA730308002100F017BF0A22002100F0B5
:101FA00099BF0000024B0A460146186800F002B8CB
:101FB0003C03002070B5A1FB025434B9294600F05F
:101FC0003FF8064628B9304670BD0C220260002654
:101FD000F9E72A46214601F00BFEF4E7024B0146E1
:101FE000186800F02DB800BF3C030020024B0146EA
:101FF000186802F09DBD00BF3C03002070B50F4E75
:102000000C463168054611B901F0CAFE3060214620
:10201000284601F0C5FE431C03D14FF0FF34204693
:1020200070BDC41C24F00304A042F8D0211A284635
:1020300001F0B6FE0130F2D1EFE700BF6887002063
:102040002DE9F843CD1C25F0030508350C2D38BFCC
:102050000C25002D064601DBA94204D90C23336070
:102060000020BDE8F883DFF8D48000F069F8D8F8E4
:1020700000301C4644BB29463046FFF7BFFF431CD7
:10208000044658D1D8F800402746002F43D1002CF1
:102090004BD023683946304604EB030901F080FE3B
:1020A000814542D121686D1A29463046FFF7A6FFC7
:1020B00001303AD023682B442360D8F800305A68A6
:1020C00062BBC8F800700FE02268521B20D40B2AB4
:1020D00017D96119A342256018BF5960636808BF0A
:1020E000C8F8001062514B60304600F02FF804F140
:1020F0000B00231D20F00700C21A1CBF1B1AA3509F
:10210000AFE76268A3420CBFC8F800205A60EBE753
:1021100023466468AEE73C467F68B6E71A465B68CC
:10212000A342FBD100235360DEE70C23336030462B
:1021300000F00CF894E70560D6E700BF6C8700203C
:10214000014801F07ABE00BFB0880020014801F0CC
:1021500075BE00BFB0880020024B0A4601461868D1
:1021600000F002B83C0300202DE9F0410746144678
:102170000D4621B9BDE8F0411146FFF761BF2AB90C
:1021800002F0D6FC25462846BDE8F08103F010FD9C
:102190008442064602D8B4EB500FF4D821463846A4
:1021A000FFF74EFF804608B94546ECE7B4422246A9
:1021B000294628BF324601F042FE2946384602F041
:1021C000B7FCF1E770B504460D4645EC104B1646DA
:1021D00003F0B0FB51EC100B7EB1C5F30A53C3F111
:1021E0006B03002B09DD1B0503F17F55002405F56A
:1021F000401522462B46EEF70FFA41EC100B70BD4E
:102200002DE9F04F9FB00C46179200221A920590CC
:102210004FF0000A4FF0000B0A46199211782B2953
:102220004AD038D80D2932D8082932D800293BD0D5
:1022300000220E92199D2A78302A40F0B2806A78E6
:1022400002F0DF02582A6ED102930E9B01931AAB63
:1022500000938F4A05981BAB19A902F01BFD10F0E3
:102260000F06044605D0062E28D101350023199506
:102270000E93179B002B40F08E850E9BCBB15246E0
:102280000BF1004343EC102B1FB0BDE8F08F202969
:10229000CED10132C1E72D29CAD101210E91511CA5
:1022A00019915278002AC5D1179B1994002B40F040
:1022B000708552465B46E5E70021EFE71A9A3AB18E
:1022C00035211CA803F030FC1A99059803F006F894
:1022D000013E1B9A042E06D8DFE806F014031D20E9
:1022E0001400DDE91CABE10548BF4BF0004B2BF0BF
:1022F00000431B0D1B05002BBBD101F073FD2223F6
:102300000360B6E7DDE91CA302F2334223F4801335
:1023100043EA025BE7E7DFF880B1E4E76FF0004BE8
:102320004FF0FF3ADFE7199B5A1C19925B78302B6C
:10233000F9D0002B9DD0012300270893199B0C9303
:102340000B97B9460A2219980578A5F13003D9B23E
:10235000092928D94F49012201F052FC002832D026
:1023600000202A460A904D460346652A01D0452A98
:1023700014D11DB9089A024396D00025199C621CFD
:10238000199262782B2A7AD02D2A7ED04FF0000C39
:10239000A2F13001092940F2858019944FF000081C
:1023A000A5E00023C8E7B9F1080FD8BF0B9900F1E9
:1023B0000100DABF02FB01330B9302FB073709F17F
:1023C00001091990BFE7199B5A1C19925A78B9F163
:1023D000000F3BD00A904D46A2F13003092B12D9D1
:1023E0000123C2E7199B5A1C19925A780130302AEE
:1023F000F8D0A2F13103082B00F2D284199B0A9085
:1024000000200C930546303A00F1010318D00A99D8
:1024100019440A912E464FF00A0E711CA1EB050CCF
:10242000634515DC20EAE0702B18082B05F1010547
:1024300005441ADC0B990A2303FB01230B930023A9
:10244000199A511C199152781846C5E74846CEE7AB
:10245000082E05DC0B9E0EFB06F60B960E46DCE7FF
:102460001029D8BF0EFB07F7F8E70F2BDCBF0A23B4
:1024700003FB0727E3E700230A9301237AE74FF0E2
:10248000000CA21C1992A27882E74FF0010CF8E729
:102490003C8D0308896503080000F07F199A511CE0
:1024A00019915278302AF9D0A2F1310108293FF66A
:1024B00075AF303A0992199A0F924FF00A08199A9B
:1024C000561C19965278A2F1300EBEF1090F39D977
:1024D0000F99761A082E44F61F6803DC099988457F
:1024E000A8BF8846BCF1000F01D0C8F10008002D3C
:1024F0004ED1089908437FF4BCAE002B7FF4D4AED4
:10250000692A28D025DC492A25D04E2A7FF4CCAE72
:102510009A4919A802F0E0FD00283FF4C5AE199BC6
:102520001B78282B2ED196491CAA19A802F0E8FD89
:10253000052827D11D9BDDF870A043F0FF4B4BF41D
:10254000E00B96E6099908FB0121A1F130020992FE
:10255000B5E76E2ADAE78B4919A802F0BDFD00281D
:102560003FF4A2AE199B8849013B19A8199302F0C8
:10257000B3FD10B9199B01331993DFF81CB24FF06A
:10258000000A76E6814801F06BFC5BEC10AB70E66C
:102590000A9B0B98A8EB0303B9F1000F08BFA946EB
:1025A000102D09932C46A8BF1024EDF7BBFF092D71
:1025B00082468B4613DC099B002B3FF45AAE099BE5
:1025C00078DD162B5FDC724901EBC301D1E9000114
:1025D00052465B46EEF720F882468B4649E66C4B46
:1025E00003EBC40353E91223EEF716F8824638468C
:1025F0008B46EDF797FF02460B4650465946EDF7DE
:1026000055FE0F2D82468B46D5DD099B2C1B1C44A5
:10261000002C40F3938014F00F030AD05C4901EBC7
:10262000C30152465B46D1E90001EDF7F5FF824652
:102630008B4634F00F0473D0B4F59A7F49DD002443
:10264000A0460B94A146059ADFF84CB122231360F3
:102650004FF0000A0B9B002B3FF40BAE1A99059824
:1026600002F03CFE0598494602F038FE05984146C6
:1026700002F034FE0B99059802F030FE05982146D1
:1026800002F02CFEF5E5099AC5F125039342BCDB67
:102690003F4CC5F10F0504EBC50152465B46D1E93D
:1026A0000001EDF7B9FF099B5D1B04EBC504D4E9FC
:1026B00000238FE71633A8DB0A9BA3EB0808344BF3
:1026C00003EBC808D8E9002350465946EEF7CEF888
:1026D00082E700232F4F2411504659461E46012CF5
:1026E00021DC0BB182468B462A49ABF1547B01EBCE
:1026F000C60152465B46D1E90001EDF78DFF264B3E
:102700000A460B4025498B42824698D8A1F5801194
:102710008B4286BFDFF888B04FF0FF3A02F1547B5E
:102720000023089376E0E20704D5D7E90023EDF70C
:1027300073FF0123013664100837D0E7F0D06442FC
:1027400014F00F020AD0124B03EBC2035046594655
:10275000D3E90023EEF78AF882468B462411DFD0B6
:102760001F2C1FDD0024A0460B94A146059A2223AE
:102770004FF0000A4FF0000B13606BE7538603081D
:10278000288D03084B860308F6860308EA730308BE
:10279000B08E0308888E03080000F07F0000A07C44
:1027A000FFFFEF7F14F0100318BF6A23A94E0893B0
:1027B000504659460023E70704D5D6E90023EDF734
:1027C0002BFF0123641006F10806F4D10BB18246F9
:1027D0008B46089BB3B1CBF30A52C2F16B03002BBB
:1027E00059460FDD1F2B56DD342BDEBF4FF0FF3374
:1027F000C2F14B0293404FF0000ACCBF4FF05C7B1C
:1028000003EA010B0022002350465946EEF76CF90B
:102810000028A7D10B9B00930C9905982B464A469C
:1028200002F0C4FD0B9000283FF409AF099A0A9BFF
:10283000002AA3EB0803A8BF00231293002422EA76
:10284000E2731693A0460B9B0598596802F006FDAB
:10285000814600283FF4F7AE0B9B1A69023203F160
:102860000C0192000C3001F0EAFA4BEC10AB059829
:102870001CAA1BA9CDE90CAB03F0CCF81A900028D8
:102880003FF4E1AE0598012102F026FE804648B9EA
:102890004FF00008D7E64FF0FF3202FA03F303EAE5
:1028A0000A0AAFE71B9D1C9A002DABBF129B169B1B
:1028B000169E129FACBFEF185E1B089BED1A1544C5
:1028C000654B013D9D42C2F1360250DA5B1B1F2B66
:1028D000A2EB03024FF001013DDC01FA03F3139375
:1028E00000231093BD18089BAF4216441E443B467C
:1028F000A8BF2B46B342A8BF3346002BC2BFED1A78
:10290000F61AFF1A129B002B16DD414605981A464F
:1029100002F09AFE80460028BAD001461A9A05981D
:1029200002F0F0FD0A9000283FF48DAE1A99059848
:1029300002F0D4FC0A9B1A93002D1DDC099B002B8E
:1029400023DD4946169A059802F07EFE8146E0B9DD
:102950004FF0000977E6C5F17F4505F57F0505F5E0
:102960007B45E23501FA05F310931391BAE7002392
:10297000109301231393B5E71A9905982A4602F09C
:10298000BDFE1A900028D9D15DE6002E07DD49462C
:102990000598324602F0B2FE81460028D8D0002FBA
:1029A00008DD414605983A4602F0A8FE8046002818
:1029B0003FF449AE1A9905984A4602F027FF0446AB
:1029C00000283FF440AEC3680F930023C360414624
:1029D00002F000FF002845DA0F9B53EA0A036BD18F
:1029E000CBF31303002B67D12BF000431B0D1B050A
:1029F000B3F1D66F60D9636913B92369012B5BDD2D
:102A000021460122059802F079FE4146044602F073
:102A1000E1FE002850DD2BF00043089A1B0D1B053A
:102A2000002A6AD0B3F1D66F67D8B3F15C7F7FF626
:102A30009DAE0A4B504659460022EDF7EDFD084B7E
:102A40000B4082468B46002B7FF408AE059A22236A
:102A5000136003E6508D030802FCFFFF00005039AD
:102A60000000F07FCDF828B065D10F9ACBF31303A7
:102A70005AB39F4A93422BD1089B514603B39D4BB7
:102A80005A461340B3F1D46F4FF0FF321BD81B0DE1
:102A9000C3F16B0302FA03F3994219D1964B0A9AD8
:102AA0009A4202D101313FF4CEAD924B0A9A1A40BC
:102AB00002F5801B4FF0000A089B002BB9D1CDE531
:102AC0004FF0FF33E8E71346E6E753EA0A03A2D0E4
:102AD000109BDBB10A9A1342EED00F9B089A504626
:102AE0005946BBB1FFF76EFBDDE90C0153EC102B2F
:102AF000EDF7DCFB82468B46DEE7A3F580136FEA39
:102B0000135B6FEA0B5B4FF0FF3AD5E7139B13EAB9
:102B10000A0FE1E7FFF756FBDDE90C0153EC102B40
:102B2000EDF7C2FB0022002382468B46EDF7DCFF67
:102B30000028C1D01AE64146204602F0C3FF57ECF8
:102B4000106B00224FF0804330463946EDF7E0FF2E
:102B500000286FD00F9B002B7AD1BAF1000F58D10B
:102B60000A9BC3F31303002B5AD1644B0022304657
:102B70003946EDF7C3FF002859D130463946604B3E
:102B80000022EDF749FD06460F4607F10043069681
:102B90000793DDE90623574DCDE910230A9B1D401D
:102BA000584B9D4240F0B2800A9BA3F1547B4BEC02
:102BB00010AB02F0BFFEDDE9062351EC100BEDF780
:102BC0002BFD52465B46EDF771FB0B4649494E4AD9
:102BD00019409142824642D90D9A474B9A4203D1FD
:102BE0000C9B01333FF42FADDFF80CB14FF0FF3AEF
:102BF0001A99059802F072FB0598494602F06EFB9F
:102C00000598414602F06AFB0598214602F066FBF2
:102C100019E6BAF1010F03D10A9B002B3FF4A6ADD0
:102C20009FED2B7B354F8DED067B0026B1E7344FB2
:102C30000026AAE7324B304639460022EDF7ECFC7D
:102C40000F9B06460F46002B9FD0CDE90667A0E7F5
:102C50009FED217B8DED067B57EC176B99E703F118
:102C6000547B089BCDF828B0002BC1D12BF000433A
:102C70001B0D1B059D42BBD130463946EEF72CF8A3
:102C8000EDF79CFC02460B4630463946EDF70CFB4F
:102C90000B460246CDE90C23CBF313060F9B46EA05
:102CA0000A061E436FD00EA3D3E90023EDF726FFDB
:102CB00000287FF4D3AC0CA3D3E90023DDE90C0199
:102CC000EDF73AFF002893D0C8E400BFAFF30080CF
:102CD000000000000000F0BF000000000000F03F16
:102CE0009535A094FFFFDF3F35E5AF350000E03FAD
:102CF000FFFF0F000000F07FFFFFEF7F0000F03FBD
:102D00000000E03F0000E07FFFFF9F7C089B23B3B3
:102D1000B5F1D46F21D828A3D3E900233046394632
:102D2000EDF7F6FEA0B139463046EDF74DFF01282C
:102D300038BF0120EDF7F6FB0F9B06460F46FBB9A7
:102D400001F1004314901593DDE91423CDE910231C
:102D5000119B03F1D6635B1B11939DED0C0BDDE919
:102D600010AB02F0E7FD504653EC102B5946EDF73F
:102D700053FCDDE90C23EDF799FA82468B4670E7A8
:102D8000CDE91467E0E70EA3D3E90023EDF7B6FE23
:102D900098E700230E93179A199B1360FFF76DBAFB
:102DA000652A3FF468AB452A3FF465AB0123FFF782
:102DB000A0BB00BFAFF300800000C0FFFFFFDF41FA
:102DC0009535A094FFFFCF3F0A4601460248034BCA
:102DD0000068FFF715BA00BF3C030020D0010020B7
:102DE000242B2DE9F0478646904601D8012B06D1C9
:102DF00000F0F8FF162303600020BDE8F087344898
:102E00000D462A4615F8014B065D16F00806F8D166
:102E10002D2C10D12C780126951C33F0100215D1E1
:102E2000302C0DD12A7802F0DF02582A08D16C78B4
:102E3000023510230AE02B2C04BF2C78951CECE7FC
:102E4000002BF6D1302C14BF0A23082306F1004CC6
:102E50000CF1FF3C0022BCFBF3F9104603FB19CA3E
:102E6000A4F13007092F0FD83C46A3421BDD571CA5
:102E700007D0814514D301D1A24511DB00FB0340EB
:102E8000012215F8014BEBE7A4F14107192F01D8F6
:102E9000373CEAE7A4F16107192F04D8573CE4E76F
:102EA0004FF0FF32EDE7531C08D12223CEF800305B
:102EB0006046B8F1000FA0D0691E06E006B140429E
:102EC000B8F1000F99D0002AF6D1C8F8001094E7A5
:102ED000798D030813460A46014602480068FFF749
:102EE0007FBF00BF3C0300202DE9FF4757EC106B6C
:102EF000002F0C4619463B46BBBF07F100431F4657
:102F000000232D230B700D9BDDF830A0914623F09C
:102F10002008BCBF32461646B8F1460F05D0B8F1BE
:102F2000450F00D10134022100E0032103AB0193DE
:102F300002AB009347EC106B5346224601F028F891
:102F4000B8F1470F054619D119F0010F0ED000EB6B
:102F500004090022002330463946EDF7C5FD08B1CB
:102F6000CDF80C903022039B4B451ED3039B0E9A49
:102F70005B1B2846136004B0BDE8F087B8F1460F2C
:102F800000EB0409E5D10378302B0AD1002200239D
:102F900030463946EDF7A8FD18B9C4F10104CAF866
:102FA0000040DAF800309944D3E7591C03911A70B5
:102FB000D9E7F7B50029BABF49422D232B230929A8
:102FC0000270437029DD0DF107031D460A271A46DA
:102FD000B1FBF7F607FB1614303402F8014C0C462F
:102FE000632C03F1FF333146F1DC3031941E03F8DA
:102FF000011C411C2346AB420AD30DF109039B1A65
:10300000AC4288BF002302330344181A03B0F0BD5A
:1030100013F8016B01F8016FEDE730233031837055
:10302000C170031DF1E700002DE9F04F8DB00C4693
:10303000DDF8588016461F46054600F079FE036805
:1030400004931846EDF724F900230A93D8F80030CA
:103050000590073323F0070303F1080294F818A042
:10306000D4F800B0C8F80020D3E9008929F0004363
:103070000793CDF81880C4E91289DDE906019C4B5D
:103080004FF0FF32EDF762FD70BBDDE90601984BB2
:103090004FF0FF32EDF73CFD30BB002200234046ED
:1030A0004946EDF72BFD10B12D2384F84330914AAA
:1030B000914BBAF1470F8CBF90469846032323618A
:1030C0002BF0040323604FF00009009733460BAA4E
:1030D0002146284600F0D2F9013040F08D804FF0B3
:1030E000FF300DB0BDE8F08F42464B4640464946A2
:1030F000EDF72CFD40B14B46002BBCBF2D2384F8CF
:1031000043307E4A7E4BD4E763680AF0DF020692C2
:103110005A1C3BD1062363604BF48062002322607B
:1031200003930AABCDE901A309AB0093616849ECB5
:10313000108B0DF123032846FFF7D6FE069B099955
:10314000472B804629D1C81C02DB6368994241DDC8
:10315000AAF1020A5FFA8AFA0139524604F15000D4
:103160000991FFF726FF0A9A1318012A8146236165
:1031700002DC2268D20701D5013323619DF8233098
:10318000002BA2D02D2384F843309EE7069A472ACD
:10319000C2D1002BC0D10123BDE7BAF1650FDBD945
:1031A000BAF1660F18D1002963680BDD216113B9EC
:1031B0002268D00702D501330B442361A1654FF08B
:1031C0000009DBE713B92268D20701D50233F4E71F
:1031D0000123F2E74FF0670A0A9B994205DB236857
:1031E0002161D807EAD54B1CE7E70029D4BFC1F11C
:1031F000020201221344E0E723685A0507D4236939
:10320000424631462846B84701302BD167E7BAF12C
:10321000650F40F2DD80D4E9120100220023EDF7B2
:1032200063FC002833D0374A012331462846B8478B
:1032300001303FF454AFDDE90938434502DB236830
:10324000D8070FD5DDE9042331462846B8470130B9
:103250003FF445AF4FF0000908F1FF3804F11A0AB6
:10326000C84509DC23689B0700F10381E0680B9BDC
:103270009842B8BF184634E70123524631462846E3
:10328000B84701303FF42BAF09F10109E8E7099B8A
:10329000002B39DC1B4A012331462846B847013050
:1032A0003FF41DAFDDE9093959EA030302D1236870
:1032B000D907D7D5DDE9042331462846B847013080
:1032C0003FF40DAF4FF0000A04F11A0B099B5B426B
:1032D000534501DC4B4693E701235A4631462846C5
:1032E000B84701303FF4FBAE0AF1010AEEE700BF38
:1032F000FFFFEF7F4A8603084686030852860308CD
:103300004E86030856860308A36DDDF828A05345B2
:10331000A8BF5346002B994636DC4FF0000B29EA34
:10332000E97904F11A02A36D0693A3EB09035B4547
:1033300031DC099B9A453ADC2368DA0737D4099BCC
:10334000AAEB0309069BAAEB03039945A8BF99467C
:10335000B9F1000F33DC4FF0000829EAE97904F1F4
:103360001A0B099BAAEB0303A3EB090343457FF761
:1033700079AF01235A4631462846B84701303FF419
:10338000AEAE08F10108ECE7424631462846B847A0
:103390000130C2D1A3E60123314628460692B84740
:1033A00001303FF49CAE069A0BF1010BBBE7DDE95F
:1033B000042331462846B8470130C0D18FE6069A2B
:1033C0004B46424431462846B8470130C3D186E6D1
:1033D000DDF828A0BAF1010F01DCDB0736D50123A7
:1033E000424631462846B84701303FF478AEDDE921
:1033F000042331462846B84701303FF470AED4E983
:103400001201002200230AF1FF3AEDF76DFBC0B96B
:10341000534608F1010231462846B84701300CD125
:103420005DE601235A4631462846B84701303FF44D
:1034300056AE08F10108D045F3DB4B4604F15002CB
:10344000DFE64FF0000804F11A0BF4E701234246CF
:10345000E1E701234A4631462846B84701303FF4A8
:103460003EAE08F10108E3680B995B1A4345F0DCB6
:10347000FCE64FF0000804F11909F4E72DE9F047E4
:10348000164698468A680B69DDF820909342B8BFCB
:103490001346336091F8432007460C460AB10133C6
:1034A00033602368990642BF33680233336025686E
:1034B00015F0060506D104F1190AE36832689B1A73
:1034C000AB4226DC94F843302268003B18BF01234E
:1034D00092062BD404F1430241463846C8470130D6
:1034E0001ED02368226903F00603042B02BFE5689F
:1034F0003368ED1AA3680CBF25EAE57500259342F1
:10350000C4BF9B1AED1800261A34B5421AD1002008
:1035100008E00123524641463846C847013003D1EE
:103520004FF0FF30BDE8F0870135C6E7E1185A1CBF
:10353000302081F84300224494F8451082F843106B
:103540000233C7E70123224641463846C8470130C7
:10355000E6D00136D9E700002DE9FF470F7E0C9E2B
:10356000782F914680460C469A4601F1430207D8CF
:10357000622F0AD8002F00F0D180582F00F0B880B9
:1035800004F1420684F842703AE0A7F16303152B78
:10359000F6D801A151F823F0F135030805360308E8
:1035A0008135030881350308813503088135030817
:1035B0000536030881350308813503088135030882
:1035C00081350308033703082F360308BD36030887
:1035D0008135030881350308253703088135030841
:1035E0002F3603088135030881350308C5360308E3
:1035F00033681A1D1B68326004F1420684F84230B9
:1036000001239CE033682068191D3160060601D54E
:103610001D6803E04506FBD5B3F90050002D03DA21
:103620002D236D4284F8433058480A2311E0216865
:103630003368080653F8045B02D4490648BFADB2AC
:103640006F2F5248336014BF0A230823002184F8E7
:1036500043106668A660002E05DB21682E4321F02A
:10366000040121604BD01646B5FBF3F103FB115763
:10367000C75D06F8017D2F46BB420D46F4D9082BE5
:103680000BD12368DF0708D5236961689942DEBF43
:10369000302306F8013C06F1FF36921B2261CDF87B
:1036A00000A04B4603AA21464046FFF7E7FE013043
:1036B0004AD14FF0FF3004B0BDE8F087236843F0F3
:1036C000200323603248782784F8457023683168E6
:1036D0001F0651F8045B02D45F0648BFADB23160EB
:1036E000D90744BF43F0200323601DB11023ADE789
:1036F0002648E9E7236823F020032360F6E716460F
:10370000BDE7336825686169181D30602E061B68A7
:1037100001D5196002E06806FBD5198000232361FA
:103720001646BCE733681A1D32601E6862680021C5
:103730003046ECF75DFD08B1801B60606368236173
:10374000002384F84330AAE72369324649464046BD
:10375000D0470130ADD023689B0713D4E068039BAA
:103760009842B8BF1846A6E701233246494640466C
:10377000D04701309DD00135E36803995B1AAB4215
:10378000F2DCEBE7002504F11906F5E7588603089B
:1037900069860308002310B50446C0E90033C0E978
:1037A0000433836081814366C281836119460822A4
:1037B0005C3000F01DFA0D4B63620D4BA3620D4BA4
:1037C000E3620D4B23630D4B24629C4206D003F150
:1037D0006802944202D0D0339C4205D104F15800D3
:1037E000BDE8104000F028BB10BD00BFA939030898
:1037F000CB390308033A0308273A030870870020EF
:10380000024A0349034800F07BB800BFC40100200E
:10381000156203084003002041680C4B994210B523
:10382000044601D002F0F6FCA168094B994202D08F
:10383000204602F0EFFCE168064B994204D0204696
:10384000BDE8104002F0E6BC10BD00BF708700204C
:10385000D88700204088002010B50B4B0B4C0C4A39
:103860001A60204600220421FFF794FF04F168004B
:1038700001220921FFF78EFF04F1D0000222BDE8EA
:1038800010401221FFF786BFA88800207087002013
:1038900001380308014800F0D0BA00BFB188002009
:1038A000014800F0CBBA00BFB188002010B5044633
:1038B000FFF7F0FF236A1BB1BDE81040FFF7F0BF30
:1038C000044B2362044B1B68002BF5D1FFF7C4FFA8
:1038D000F2E700BF19380308A88800200EB403B52A
:1038E000014603AB054853F8042B0068019302F02E
:1038F000F5FA02B05DF804EB03B070473C0300201A
:103900002DE9F8430746884614460026D4E9019578
:10391000B9F1010905D52468002CF7D13046BDE87E
:10392000F883AB89012B07D9B5F90E30013303D0E9
:1039300029463846C04706436835E9E70CB430B538
:10394000184B0C1E1D689DB008DA8B232B604FF0BE
:10395000FF301DB0BDE8304002B070474FF4027335
:10396000ADF814304FF000031B9314BF04F1FF3384
:103970002346049307934FF6FF7302900690ADF829
:103980001630209A21AB02A92846019302F080F953
:10399000431CBCBF8B232B60002CDAD0029B00227F
:1039A0001A70D6E73C03002010B50C46B1F90E1092
:1039B00000F0E4F90028ABBF636DA3891B1823F462
:1039C0008053ACBF6365A38110BD2DE9F0411F4654
:1039D0008B89DB0505460C46164605D5B1F90E1058
:1039E0000223002200F0B8F9A389B4F90E1023F4E1
:1039F0008053A38132463B462846BDE8F04100F0A3
:103A0000DFB910B50C46B1F90E1000F0A5F9431C52
:103A1000A38915BF606523F4805343F48053A381C9
:103A200018BFA38110BDB1F90E1000F085B930B5F3
:103A30001446002C9BB005461A4605DA8B2303601A
:103A40004FF0FF301BB030BD4FF40273ADF80C30B7
:103A50004FF00003199314BF04F1FF332346029380
:103A600005934FF6FF7300910491ADF80E3069464F
:103A70001E9B02F00DF9431CBCBF8B232B60002C56
:103A8000E0D0009B00221A70DCE7000007B500932D
:103A900013460A46014603480068FFF7C8FF03B013
:103AA0005DF804FB3C030020F8B50E4614460546BD
:103AB00018B1036A0BB9FFF7F9FEA369A360A389E4
:103AC0001A0701D5236943B92146284600F02AF890
:103AD00018B14FF0FF373846F8BD23682269981AAD
:103AE0006369F6B28342374605DC2146284602F078
:103AF00091FB0028EDD1A368013BA36023685A1C09
:103B000022601E706269431C9A4204D0A389DB07BD
:103B1000E1D50A2EDFD12146284602F07BFB0028A2
:103B2000D9D0D6E738B5294B054618680C4618B1E8
:103B3000036A0BB9FFF7BAFEB4F90C30190722D4A7
:103B4000DA0607D409222A6043F04003A3814FF02C
:103B5000FF3033E0580712D5616B41B104F14403E3
:103B6000994202D0284600F0E3FF00236363A38953
:103B700023F02403A3810023636023692360A389C6
:103B800043F00803A38123694BB9A38903F420738D
:103B9000B3F5007F03D02146284602F089FBB4F933
:103BA0000C3013F001020AD00022A2606269524276
:103BB000A261226942B913F08000C5D138BD9907CE
:103BC00058BF6269A260F4E70020F7E73C030020D9
:103BD00010B501390244904201D1002005E003787C
:103BE00011F8014FA34201D0181B10BD0130F2E7BC
:103BF00002440346934200D1704703F8011BF9E7E2
:103C000010B56AB10139841810F8012B11F8013F81
:103C10009A4203D1A04201D0002AF5D1D01A10BD9A
:103C20001046FCE710B50139034632B111F8014FD7
:103C300003F8014B013A002CF7D11A4400219342BA
:103C400000D110BD03F8011BF9E70000164B2DE968
:103C5000F0411F687C6C05460E46ECB95020FEF71B
:103C6000BDF90246786420B9104B11485B21FEF77C
:103C700073F9C0E90044C0E90244C0E90444C0E962
:103C80000A44C0E90C44C0E90E44C0E91044C0E94C
:103C900012448461047744627A6C314628460123D9
:103CA000BDE8F04100F006B83C0300207A86030826
:103CB00091860308F0B5044608B9146844B120465B
:103CC00014F8015B0F4617F8016B1EB965B9156052
:103CD000002005E0B542F6D1002BF0D1146003704E
:103CE000F0BD1C460CE01DB9274614F8013B0E46FA
:103CF00016F8015BAB42F6D1002BF2D000233B70EB
:103D00001460EDE70A7870B56AB970BD9A4209D1BE
:103D10000C46054614F8013F002BF6D015F8016F4C
:103D20009E42F7D001300378002BEFD11846ECE724
:103D300000487047C002002038B5064D00230446F5
:103D400008462B60EFF706F9431C02D12B6803B13C
:103D5000236038BDAC88002038B5074D04460846BE
:103D6000114600222A601A46EFF7FEF8431C02D1E2
:103D70002B6803B1236038BDAC88002038B5074DEF
:103D800004460846114600222A601A46EFF7C6F894
:103D9000431C02D12B6803B1236038BDAC880020DE
:103DA00038B5064D0023044608462B60EFF7DEF8D1
:103DB000431C02D12B6803B1236038BDAC880020BE
:103DC00038B5074D04460846114600222A601A46B7
:103DD000EFF7B2F8431C02D12B6803B1236038BD62
:103DE000AC880020014B1868704700BF3C030020DE
:103DF00070B50D4D0D4C641BA4100026A64209D1D0
:103E00000B4D0C4C02F032FB641BA4100026A642A2
:103E100005D170BD55F8043B98470136EEE755F8DB
:103E2000043B98470136F2E7808F0308808F030830
:103E3000808F0308848F03087047704770470A44D7
:103E4000914200F1FF3300D1704710B511F8014BDA
:103E500003F8014F9142F9D110BD000000000000AD
:103E60009FED010B704700BF000000000000F87FCD
:103E700008B5062002F09AFA0120EFF749F82DE97B
:103E8000F74F03690C69A34207467EDB013C01F151
:103E90001408A30000F11405009305EB84030193BB
:103EA00058F8243055F8242001339A4208EB84094D
:103EB000B2FBF3F62ED34FF0000AC446AE46D3460B
:103EC0005CF8043B98B206FB00A0020C1B0C06FB3E
:103ED0000323DEF8002080B292B2121A5A44DEF8B0
:103EE00000004FEA134A9BB2C3EB224303EB10439B
:103EF00092B242EA0342E1454EF8042B4FEA234BCB
:103F0000DED2009BEB582BB9019B043B9D421A4625
:103F10002FD33C61384601F05DFC002825DB2946A3
:103F2000002058F8042BD1F800C01FFA82FE1FFAB7
:103F30008CF3A3EB0E030344120CC2EB234202EBFF
:103F40001C429BB243EA0243C14541F8043B4FEA9D
:103F50002240E6D255F8242005EB840322B9043B25
:103F60009D421A460BD33C610136304603B0BDE892
:103F7000F08F1268043B002ACBD1013CC6E71268DF
:103F8000043B002AEFD1013CEAE70020EEE7000005
:103F90002DE9F04FC76997B08DED040B55EC104B30
:103FA000209E079181460C9211937FB91020FEF755
:103FB00015F80246C9F81C0020B9A94BEF21A94801
:103FC000FDF7CAFFC0E901770760C760D9F81C3068
:103FD000196859B15A684A60012393408B6048467A
:103FE00001F07CF9D9F81C3000221A602B1EB9BFF1
:103FF00023F00043059300233360059F9A4BBCBF19
:1040000001223260BB4312D1119A42F20F73136046
:10401000C7F31303234300F05A85219BDFF85CA20A
:10402000002B00F05C850AF1030300F056BD9DED06
:10403000047B002251EC170B00238DED0A7BECF77B
:1040400053FD804658B1119A01231360219B13B18F
:10405000219A864B1360DFF828A200F040BD9DED49
:104060000A0B14AA15A9484601F0D4FCC7F30A5656
:104070000290002E78D00B9BCDF84880C3F3130339
:10408000DDE90A0143F07F5343F44013A6F2FF3603
:1040900019460022764BECF707F96BA3D3E900230E
:1040A000ECF7BAFA6AA3D3E90023ECF7FFF8044669
:1040B00030460D46ECF746FA67A3D3E90023ECF748
:1040C000ABFA02460B4620462946ECF7EFF80446C9
:1040D0000D46ECF751FD00220746002320462946F5
:1040E000ECF70CFD40B13846ECF72CFA22462B4693
:1040F000ECF7FAFC00B9013F162F52D85D4B03EBE9
:10410000C703D3E90023DDE90A01ECF7F7FC002837
:1041100049D0013F00231093149B9B1B5A1E45BF9F
:10412000C3F10103009300230023069254BF0093C0
:104130000693002F39DB069B0D973B440693002323
:104140000893079B092B63D8052BC4BF043B079337
:10415000079BA3F10203CCBF00240124032B63D8E7
:10416000DFE803F05254372BDDE914631E4406F2F6
:104170003243202BC1BFC3F140039F4006F21243DC
:1041800024FA03F3D6BFC3F1200347EA030004FA7D
:1041900003F0ECF7C7F90122A1F1F873013E129286
:1041A00076E70123B7E71090B6E7009BDB1B00938F
:1041B0007B42089300230D93C3E7012309930C9BD3
:1041C00007EB030B0BF10103012B0393B8BF012392
:1041D00006E0012309930C9B002B28DD9B460393EB
:1041E000D9F81C000021042202F114059D4226D9B1
:1041F0004160484601F032F88246002842D11E4B09
:10420000024640F2AF11DAE60023E3E70023D5E7E8
:1042100001240023079309944FF0FF3B0022CDF8BF
:104220000CB012230C92DBE701230993F4E74FF063
:10423000010BCDF80CB05B46CDF830B0D0E70131C2
:104240005200D1E7AFF3008061436F63A787D23F8D
:10425000B3C8608B288AC63FFB799F501344D33F75
:104260007A860308008703080000F07F578603085A
:104270000000F83FB08E030858870308FC86030847
:1042800056860308D9F81C301860039B0E2B00F2E9
:10429000A180002C00F09E80002F33DD9C4B07F0A6
:1042A0000F0203EBC20393ED007BF8058DED0E7B4F
:1042B0004FEA271416D5974BDDE90A01D3E9082305
:1042C000ECF7D4FACDE9040104F00F040326914D74
:1042D00054B9DDE90E23DDE90401ECF7C7FACDE9B5
:1042E000040128E00226F2E7E10708D5DDE90E0126
:1042F000D5E90023ECF790F9CDE90E010136641001
:104300000835E5E700F0AF807C42814B814D04F039
:104310000F0203EBC203D3E90023DDE90A01ECF746
:104320007BF9CDE90401241100230226002C40F082
:104330008F80002BD3D1109BDDE90445002B00F0CA
:104340009480754B002220462946ECF7D7FB0028C5
:1043500000F08B80039B002B00F08780BBF1000FE7
:1043600034DD20466D4B00222946ECF755F9CDE9A6
:10437000040107F1FF3801365C463046ECF7E2F8FD
:10438000DDE90423ECF748F9654B0022EBF78EFFDB
:104390000546A1F15076002C6AD1DDE90401614B9C
:1043A0000022EBF781FF02460B46CDE904232A46A3
:1043B0003346ECF7C1FB002840F09882DDE90401A8
:1043C0002A4606F10043ECF799FB38BBDDE90A34D5
:1043D000CDE90434159B002BC0F257810E2F00F35A
:1043E00054814B4B03EBC70393ED007B0C9B002BDD
:1043F0008DED007B80F2E580039B002B00F3E180D4
:104400000CD1484B002251EC170BECF705F9DDE914
:104410000423ECF787FB002800F066820024254681
:104420000C9B56466FEA030800272146484600F0D9
:1044300055FF002D00F0BD802FB1AF4203D03946AB
:10444000484600F04BFF2946484600F047FFB0E0E1
:10445000E20705D5D5E90023ECF7DEF801360123A4
:104460006410083562E7022665E7039CB84684E7D6
:10447000274B099903EBC40353E902235444002951
:1044800054D029490020ECF7F1F933462A46EBF7DE
:104490000BFFCDE90E015646DDE90401ECF76CFB9C
:1044A0000546ECF74FF802460B46DDE90401EBF751
:1044B000FBFE303502460B46CDE9042306F8015BCE
:1044C000DDE90E23ECF71AFB002872D1DDE90423A5
:1044D00011490020EBF7E8FEDDE90E23ECF70EFBB7
:1044E000002840F0B480A6423FF470AFDDE90E0131
:1044F0000A4B0022ECF790F8084BCDE90E010022A0
:10450000DDE90401ECF788F8CDE90401C4E700BF58
:10451000B08E0308888E03080000F03F000024409E
:1045200000001C40000014400000E03F31462846D7
:10453000ECF772F8CDE90E0113945646DDE904015B
:10454000ECF71AFB0546EBF7FDFF02460B46DDE9EB
:104550000401EBF7A9FE303506F8015B02460B4675
:10456000A642CDE904234FF0000224D1AF4BDDE990
:104570000E01EBF79BFE02460B46DDE90401ECF76A
:10458000DBFA002863D1DDE90E23A8490020EBF710
:104590008BFE02460B46DDE90401ECF7AFFA00287A
:1045A0003FF414AF139E731E139316F8013C302B87
:1045B000F8D047463BE09E4BECF72EF8CDE90401DE
:1045C000BCE7DDE904455646DDE9002320462946DF
:1045D000ECF74CF9ECF7D0FA8046EBF7B3FFDDE9E6
:1045E0000023ECF719F802460B462046294608F14D
:1045F0003004EBF759FE06F8014B039DA6EB0A04C5
:10460000A54202460B4633D1EBF750FEDDE900230D
:1046100004460D46ECF790FAC0B9DDE900232046C8
:104620002946ECF761FA10B118F0010F0ED102998A
:10463000484600F053FE00233370119B01371F6082
:10464000219B002B00F04B821E6048E2B8463346A7
:104650001E4613F8012D392A06D19A45F8D1302289
:1046600008F101088AF800201A7801321A70A0E7D0
:104670006F4B0022EBF7D0FF0022002304460D46CB
:10468000ECF732FA00289FD0D1E7099A002A00F00F
:10469000EA80079A012A00F3CD80129A002A00F0DE
:1046A000C18003F23343089C009E009A1A44009292
:1046B000069A01211A444846069200F00DFF05466D
:1046C00066B1069B002B09DDB342009AA8BF3346B2
:1046D000D21A0092069AF61AD31A0693089B0BB3C5
:1046E000099B002B00F0C680002C00F0C0802946FA
:1046F0002246484600F0A8FF029A01460546484671
:1047000000F000FF02998046484600F0E7FD089B54
:104710001B1B089300F0B180089A4146484600F000
:1047200093FF02900121484600F0D6FE0D9B0446FF
:10473000002B00F0D8811A460146484600F084FF5D
:10474000079B012B044600F39F80049B002B40F045
:104750009780059BC3F31303002B40F09380059BC8
:1047600023F000431B0D1B0533B1009B0133009365
:10477000069B01330693012308930D9B002B00F049
:10478000B881236904EB8303186900F059FEC0F176
:104790002000069B184410F01F0000F08280C0F13A
:1047A0002003042B73DD009BC0F11C000344009325
:1047B000069B034406440693009B002B05DD0299EB
:1047C0001A46484600F09AFF0290069B002B05DD32
:1047D00021461A46484600F091FF0446109B002BE4
:1047E00061D00298214600F0F5FF00285BDA002333
:1047F00002990A22484600F093FD099B029007F1B6
:10480000FF38002B00F07781294600230A22484612
:1048100000F086FDBBF1000F05466FDC079B022B05
:1048200049DC6BE0149BC3F136033CE70000E03F3A
:1048300000002440039B5C1E089BA34209DB1C1B59
:10484000039B002BBFF630AF009B039A9E1A0023F8
:104850002BE7089B0D9A0894E31A1A44009E039BC9
:104860000D92002421E7089C009E099D28E7DDF8B1
:10487000088051E7089A029950E7CDF8088051E77F
:10488000002379E7049B77E70023089379E793D027
:10489000009A1C331A440092069A1A441E44069247
:1048A0008AE70346F4E7039B002BB84620DC9B46CF
:1048B000079B022B1EDDBBF1000F7FF4B1AD21463B
:1048C0005B460522484600F02BFD0146044602984F
:1048D00000F080FF00287FF7A3AD5646312306F88D
:1048E000013B08F101089FE5039CB8462546F4E723
:1048F000DDF80CB0099B002B00F00181002E05DDD6
:1049000029463246484600F0F9FE0546089B002B32
:104910005CD06968484600F0A1FC064628B9824B85
:10492000024640F2EF21FFF74ABB2A6902329200A9
:1049300005F10C010C30FFF782FA0122314648469E
:1049400000F0DCFE0AF1010300930AEB0B0308936D
:10495000049B03F001032F4606930546009B029833
:10496000214603F1FF3BFFF78AFA034630330390F9
:1049700039460298099300F02DFF2A4604902146FB
:10498000484600F043FFC268099B064602BB014649
:10499000029800F01FFF099B0246314648460C92E0
:1049A000099300F09BFC079B0C9A009E42EA0301CE
:1049B000069B1943099B0DD1392B27D0049A002A55
:1049C00001DD039B31338BF800302EE52846B9E733
:1049D0000122E2E70499002904DB079801430698C5
:1049E000014320D1002AEEDD0299009301224846BE
:1049F00000F084FE2146029000F0ECFE0028009BAF
:104A000002DCE0D1DA07DED5392BDAD139238BF895
:104A1000003033461E46013B16F8012C392A4ED091
:104A200001321A7001E5002A03DD392BEED0013383
:104A3000C9E7009A089902F8013C8A4228D00299F5
:104A400000230A22484600F06BFCAF4202904FF070
:104A500000034FF00A023946484607D100F060FCD7
:104A600007460546009B0133009377E700F058FCAA
:104A70002946074600230A22484600F051FC054615
:104A8000F0E7BBF1000FCCBF5E460126564400277D
:104A9000029900930122484600F030FE2146029020
:104AA00000F098FE0028B4DC02D1009BDB07B0D4F4
:104AB00033461E4613F8012D302AFAD0B5E49A4544
:104AC000A8D1312308F101088AF80030ADE4219B18
:104AD000DFF858A01BB10AF10803219A1360504671
:104AE00017B0BDE8F08F079B012B7FF72EAE0D9B13
:104AF000089301204DE6BBF1000F7FF7D9AE564673
:104B000002982146FFF7BBF900F1300306F8013B9C
:104B1000A6EB0A029345B4DD029900230A22484617
:104B200000F0FEFB0290EBE758870308F3860308CA
:104B300038B50546002941D051F8043C0C1F002B24
:104B4000B8BFE418FDF7FCFA1D4A136833B9636077
:104B500014602846BDE83840FDF7F8BAA34208D9EA
:104B6000206821188B4201BF19685B680918216011
:104B7000EDE71A465B680BB1A342FAD911685018E9
:104B8000A0420BD120680144501883421160E0D14B
:104B900018685B68536008441060DAE702D90C2398
:104BA0002B60D6E7206821188B4204BF19685B6828
:104BB000636004BF091821605460CAE738BD00BFB4
:104BC0006C8700200369B3EB611F2DE9F0434FEAC6
:104BD000611200F1140445DD11F01F0104EB83069E
:104BE00004EB82050CD100F110072946B14234D301
:104BF0009B1A9B00EA1E964238BF0023234415E00F
:104C000054F82270C1F12008CF4005F1040EA146EE
:104C10007645F44615D89A1A9200043A0135AE4208
:104C200038BF0022A318A75007B104331A1BA342B0
:104C30004FEAA20208BF0023026108BF4361BDE83A
:104C4000F083DCF800C00CFA08FC4CEA070749F8CE
:104C5000047B5EF8047BCF40DAE751F804CB47F8D9
:104C600004CFC3E72346E1E7A0F13003092B02D8C4
:104C70002038C0B27047A0F16103052B01D8473836
:104C8000F7E7A0F14103052B01D82738F1E7002011
:104C9000704700002DE9F04F85B08A4602930B68FB
:104CA000019090469C1CA14614F8010B3028FAD0C4
:104CB000A9EB0303A3F1020BFFF7D6FF054600287B
:104CC00068D1A04901224846FEF79AFF074600280E
:104CD00067D199F801002646FFF7C6FF002862D089
:104CE000234618783028994603F10103F9D0FFF7DD
:104CF000BBFFB0FA80F56D094FF0010B4A4616462E
:104D000001323078FFF7B0FF0028F8D18D49012239
:104D10003046FEF775FF00283FD144B9741C224687
:104D2000164601323078FFF79FFF0028F8D1A41B08
:104D3000A700337803F0DF03502B3ED173782B2B81
:104D400033D02D2B34D0711C00240878FFF78CFF52
:104D5000431EDBB2182B30D8A0F1100211F8010F5E
:104D6000FFF782FF00F1FF3C5FFA8CFCBCF1180FEB
:104D70004FF00A031ED904B152421744CAF800107A
:104D8000EDB1BBF1000F0CBF06250025284605B08C
:104D9000BDE8F08F00252C46B0E7002CC7D1274690
:104DA000C7E74E462F460125C3E70024B11CCCE7D8
:104DB0000124FBE703FB0200CEE73146DEE7A6EB6A
:104DC0000903013B2946072B0ADC019800F046FA4B
:104DD000044640B95C4B0246E4215C48FDF7BCF850
:104DE00001315B10EFE700F1140A002355469B46A2
:104DF000B14537D345F804BBA5EB0A05AD102561D5
:104E0000584600F01DFB6D01D8F800602D1AB54220
:104E100054DDAD1B2946204600F0A9FE814678B13D
:104E20006B1E591103F01F025AF821104FF00109AF
:104E300009FA02F20A4203D04B4536DC4FF0020970
:104E400029462046FFF7BEFE2F44D8F80830BB4263
:104E500042DA0198214600F041FA0E9A00231360CD
:104E6000A32593E716F8012D2E2A12D0202B04D16A
:104E700045F804BB4FF0000B5B4630780393FFF717
:104E8000F3FE039B00F00F0098404BEA000B043345
:104E9000AEE7B145EAD82B49039301223046FEF72D
:104EA000AFFE039B0028E1D1A2E7A91E204600F037
:104EB0005EFE0028C2D04FF00309C1E709DA751B76
:104EC000214601982A4600F019FC7F1B044600F198
:104ED000140A4FF00009B8E7D8F80450BD426FDD5E
:104EE000ED1BAE4234DCD8F80C30022B22D0032B61
:104EF00024D0012B15D1AE4213D1012E0BD1029A31
:104F0000D8F80430136001232361CAF800300E9BE7
:104F100062251C603AE7711E204600F028FE00283A
:104F2000EDD10198214600F0D9F90E9A00231360C3
:104F300050252BE70F9B002BF3D1E0E70F9B002BB5
:104F4000DDD1EEE789650308588703086987030800
:104F50006F1EB9F1000F30D127B13946204600F05D
:104F600006FE81467A1101235AF8222007F01F0716
:104F7000BB4013422946204618BF49F00209FFF7FB
:104F800021FED8F80470761B0225B9F1000F47D036
:104F9000D8F80C30022B15D0032B17D0012B09D1D8
:104FA00019F0020F06D0DAF8003049EA030919F0C7
:104FB000010F0ED145F0100532E04FF00109D1E7A5
:104FC0000125E2E70F9BC3F101030F930F9B002B19
:104FD000F0D0D4F810B004F114034FEA8B0A03EBBD
:104FE0008B014FF0000C184653F8042BB2F1FF3F31
:104FF0001BD001320260022D04F114033CD1D8F819
:105000000020013AB24209D17111012253F8213036
:1050100006F01F0602FA06F61E423AD145F02005B8
:105020000E9B1C60029B1F60B0E6994243F804CCC3
:10503000D9D8A3689B4517DB61680198013100F05E
:105040000DF9814618B91A4B02468421C5E622693A
:10505000023204F10C0192000C30FEF7F0FE214602
:10506000019800F03BF94C4623695A1C04EB83037A
:10507000226101225A61BEE722695A450BDD0121F6
:105080002046FFF79FFDD8F808300137BB42FFF6F6
:10509000E0AE0125C2E716F01F06FAD05344C6F170
:1050A000200653F8040C00F0CBF9B042E7DBF0E740
:1050B00058870308C2F10802920070B5C2F12006B9
:1050C0004368046803FA06F52C43D340046040F8B3
:1050D000043F8842F4D370BD30B50368013311F842
:1050E000014B14B90360012030BD13F8012BA2F16C
:1050F0004105192D98BF2032A242F0D00020F3E7DD
:105100002DE9F04F0B6801685E1102EB860613F083
:105110001F0387B018BF04360025371F824690460C
:10512000019346F8045CB9463C460295AB464A7882
:105130004B1C039342B3104605910492FFF794FD74
:10514000002851D1049A0599202A18D8029B9B4522
:1051500013DD4C4506D2072D04DC2A46494620467D
:10516000FFF7A8FF444552D90023A4F1040944F8ED
:10517000043CCDF808B04C461D460399D7E7292AD0
:1051800057D10231CAF80010BBF1000F51D04C4585
:1051900006D2072D04DC2A4649462046FFF78AFF3F
:1051A000444536D9A8F10402234653F8041B42F8BB
:1051B000041F9F42F9D23B1B23F003030433013445
:1051C000033EB44288BF04234344002243F8042B27
:1051D0009F42FBD23B681BB9474528D101233B6066
:1051E000052007B0BDE8F08F0135082D0BF1010B4C
:1051F00006DD4445C1D9002344F8043C0125043CA4
:10520000226800F00F0040EA02102060B5E7082590
:10521000B3E7019B002BDDD0C3F120034FF0FF3239
:10522000DA4056F8043C134046F8043CD2E7043F09
:10523000D0E70420D5E782B001B901A942B14BB152
:1052400013780B601278101E18BF012002B070474F
:105250001046FBE76FF00100F8E7000070B5C66983
:1052600004460D4676B91020FCF7B8FE0246E06110
:1052700020B9184B18486B21FCF76EFEC0E9016697
:105280000660C660E669F36883B1E369DB6853F8DA
:105290002500B8B9012101FA05F6721D92002046D9
:1052A000FCF788FE60B1C0E901560EE0212204211E
:1052B0002046FCF77FFEE369F060DB68002BE4D159
:1052C000002070BD026843F825200023C0E90333A5
:1052D000F7E700BF7A860308C987030870B5C66977
:1052E00005460C4676B91020FCF778FE0246E861C8
:1052F00020B9094B09488F21FCF72EFEC0E9016651
:105300000660C6603CB1EB696268DB6853F8221046
:10531000216043F8224070BD7A860308C9870308DC
:105320002DE9F0410D6907460C461E4601F1140CAB
:105330000020DCF8003099B202FB01611E0C0B0C5E
:1053400002FB063389B2013001EB034185424CF880
:10535000041B4FEA1346ECDC0EB3A368AB4219DC26
:10536000616838460131FFF779FF804628B9024667
:105370000C4B0D48BA21FCF7EFFD2269023204F113
:105380000C0192000C30FEF75AFD21463846FFF71B
:10539000A5FF444604EB850301355E612561204687
:1053A000BDE8F08158870308C98703082DE9F84351
:1053B0000C4615461F4609220833064693FBF2F3B6
:1053C000002101229A4209DB3046FFF747FF40B92E
:1053D0000246194B1948D321FCF7BEFD520001319A
:1053E000F0E7089B4361092D4FF00103036116DDCF
:1053F00004F10909C8462C4418F8013B0146303B2A
:105400000A223046FFF78CFFA045F5D1A5F108042C
:105410004C442D1B6319BB4204DBBDE8F8830A34FE
:105420000925F6E714F8013B0146303B0A223046D5
:10543000FFF776FFEEE700BF58870308C987030828
:10544000B0F5803F034636BF030400201020B3F1BF
:10545000807F3CBF1B020830B3F1805F3CBF1B0163
:105460000430B3F1804F3CBF9B000230002B05DBC2
:1054700013F0804F00F1010008BF2020704703683F
:10548000024613F007000BD0D90721D4980749BF73
:105490005B089B08012013605CBF1360022070470B
:1054A00099B209B91B0C1020D9B209B908301B0AEE
:1054B000190704BF1B090430990704BF9B08023079
:1054C000D90703D45B0800F1010003D013607047D3
:1054D000002070472020704710B50C460121FFF7CF
:1054E000BDFE024628B9054B054840F24511FCF7C0
:1054F00033FD01234461036110BD00BF58870308D9
:10550000C98703082DE9F04F17460A693B699A429B
:10551000A8BF3B468946A4BF0F4699463D69D9F8C6
:1055200010A0BB68796805EB0A06B34285B0B8BF26
:105530000131FFF793FE30B90246414B41484FF429
:10554000B171FCF709FD00F1140404EB860E23464B
:105550000022734520D307F1140809F1140108EB68
:10556000850501EB8A030293EB1B153B23F0030334
:1055700004331537BD4238BF04230193029B0391C6
:105580008B420CD8002E03DD5EF8043D002B55D075
:10559000066105B0BDE8F08F43F8042BD9E7B1F8F8
:1055A00000A0BAF1000F1FD0C446A14600275CF846
:1055B000042BD9F800301FFA82FB9BB20AFB0B3395
:1055C0003B44D9F80070120C3F0C0AFB027202EB4C
:1055D00013429BB243EA0243654549F8043B4FEA54
:1055E0001247E4D8019BE750039BB3F802900431C3
:1055F000B9F1000F20D023684746A4464FF0000AB7
:10560000B7F800B0BCF8022009FB0B2252449BB251
:1056100043EA02434CF8043B57F8043B4FEA134A71
:10562000BCF8003009FB0A3303EB1243BD424FEADA
:10563000134AE5D8019AA35004349FE7013EA1E73D
:1056400058870308C98703082DE9F843154612F067
:10565000030207460E4607D0254C013A002354F8B2
:105660002220FFF75DFE0646AD103DD0FC697CB9F7
:105670001020FCF7B3FC0246F86128B91D4B1E4808
:1056800040F2B311FCF768FCC0E901440460C46057
:10569000D7F81C80D8F808404CB940F27121384640
:1056A000FFF71AFF0023C8F80800044603604FF014
:1056B0000009EB070AD5314622463846FFF722FF9C
:1056C000314680463846FFF709FE46466D100BD03E
:1056D000206838B9224621463846FFF713FF20607C
:1056E000C0F800900446E4E73046BDE8F88300BF08
:1056F0007C8E03087A860308C98703082DE9F047E2
:105700000C464968236903EB6218A3680746914673
:105710004FEA621A08F10106B3420BDB3846FFF785
:105720009DFD054648B90246284B29484FF4EF71C4
:10573000FCF712FC01315B00EEE7002300F11401DD
:1057400000F110021846534533DB20692AEAEA7A51
:1057500004F1140319F01F0901EB8A0103EB800C1B
:105760002BD0C9F1200E8A460022186800FA09F0F1
:1057700010434AF8040B53F8042B9C4522FA0EF20E
:10578000F3D8ACEB0403153B23F00303043304F11B
:105790001500604588BF0423CA500AB108F102060B
:1057A000013E38462E612146FFF798FD2846BDE8A8
:1057B000F08742F8040F0133C5E7043953F8042B8E
:1057C00041F8042F9C45F9D8EAE700BF5887030841
:1057D000C98703080A6903460069801A30B50ED1EB
:1057E0001433143103EB820401EB820154F8045D9D
:1057F00051F8042D954203D005D24FF0FF3030BD53
:10580000A342F3D3FBE70120F9E700002DE9F74FAE
:1058100089460646114648461446FFF7DBFF051E3B
:1058200012D129463046FFF719FD024628B93F4BF1
:1058300040F237213E48FCF78FFB0123C0E90435D5
:10584000104603B0BDE8F08FBCBF4B46A1463046C2
:10585000D9F80410BABF1C4601250025FFF7FEFC4D
:10586000024618B9314B40F24521E3E7D9F81070F0
:105870002669C56009F1100309F1140504F1140E3D
:1058800000F1140B05EB87080EEB86060193D94651
:105890004FF0000C019B5EF8040B53F804AF01932A
:1058A0001FFA8AF3194683B2CB1A000C6344C0EB8B
:1058B0001A4000EB23409BB243EA0043764549F887
:1058C000043B4FEA204CE5D8331B153B23F0030380
:1058D00015340433A64238BF04231D445B441E46DE
:1058E0002C4644450ED308F10301491B21F0030166
:1058F000033DA84538BF00210B4453F8041D91B166
:1059000017619DE754F8041BE646080C1CFA81FC5D
:10591000714400EB2C4089B241EA004146F8041B77
:105920004FEA204CDDE7013FE7E700BF5887030857
:10593000C987030882B08DED000B019A0F4B13400D
:10594000A3F15073002B08DC5B42B3F1A07F4FEA58
:10595000235204DA4FF400231341002208E0A2F19D
:1059600014031E2BDABF4FF00042DA40012200235D
:105970001946104641EC100B02B070470000F07F52
:105980002DE9F041066900F1140808EB8606371F7F
:1059900056F8042C1046FFF753FDC0F120030A28E7
:1059A0000B601B4915DCC0F10B0C22FA0CF3B84557
:1059B00043EA010534BF56F8083C0023153002FACB
:1059C00000F023FA0CF303431C4645EC104BBDE8F2
:1059D000F081B8453ABF56F8083CA6F10807002305
:1059E0000B3812D0C0F1200123FA01F48240224387
:1059F000474542F07F558CBF57F8042C0022834066
:105A0000CA4045F440151343DEE742EA0105DBE7EF
:105A10000000F03F2DE9F7430F46012159EC108BB0
:105A20001646FFF71BFC044630B90246234B2448B8
:105A300040F20F31FCF790FAC9F30A55C9F313038A
:105A40000DB143F480130193B8F1000323D06846ED
:105A50000093FFF714FDDDE90012D0B1C0F120037F
:105A600002FA03F30B43C24063610192019BA361FD
:105A7000002B0CBF012202222261A5B1A5F2334501
:105A800005443D60C0F135003060204603B0BDE8FC
:105A9000F0836161EAE701A8FFF7F1FC019B636114
:105AA00020300122E8E704EB8203A0F232403860A4
:105AB0001869FFF7C5FCC0EB4210E5E758870308FB
:105AC000C98703082DE9F04F85B0CDE9001002A980
:105AD000FFF756FF009803A955EC104BFFF750FF56
:105AE000019B1969009B1B69C91ADDE902329B1AE7
:105AF0005BEC10AB03EB4113002BCEBF2A46C3EB8C
:105B000003335A462F46D946CCBF02EB035702EB6C
:105B100003594B46524620463946EAF7A7FE41EC68
:105B2000100B05B0BDE8F08F013970B5491114694B
:105B3000013102F1140300EB810103EB8404051F22
:105B4000A3420CD3A31A113B23F003031132A24248
:105B500088BF002318440023884205D370BD53F842
:105B6000046B45F8046FEBE740F8043BF4E700F101
:105B7000140200694B11984210B511DB0ADD11F0D7
:105B80001F0107D052F8234024FA01F000FA01F176
:105B90008C420BD102EB8303934203D8002010BD4B
:105BA0000346F7E753F8041D0029F5D00120F6E776
:105BB00051F8043C181F002BBCBF0B58C01870478D
:105BC0000346084641B1FF2A04D98A221A604FF0E1
:105BD000FF3070470A70012070472DE9F0478E684A
:105BE0001F46BE420B6882460C4690462DD8B1F93E
:105BF0000C2012F4906F26D06569096905EB450504
:105C0000A3EB010905EBD5757B1C4B446D109D4240
:105C100038BF1D46530527D52946FCF711FA06461D
:105C200060B321694A46FEF70AF9A38923F4906319
:105C300043F08003A381266165614E44A5EB09050D
:105C40002660A5603E46BE4200D93E4620683246E8
:105C5000414600F069FBA3689B1BA36023683344A3
:105C600023600020BDE8F0872A46FCF77DFA06464F
:105C70000028E0D121695046FEF75AFF0C23CAF8EC
:105C80000030A38943F04003A3814FF0FF30E9E7E0
:105C90002DE9F04F98468B891B069DB007460D46AF
:105CA000144610D50B6973B94021FCF7C9F9286077
:105CB000286130B90C233B604FF0FF301DB0BDE8C8
:105CC000F08F40236B610023099320238DF8293046
:105CD000CDF80C803023DFF89C818DF82A304FF00E
:105CE000010923469A4613F8012B0AB1252AF9D156
:105CF000BAEB040B0BD05B46224629463846FFF729
:105D00006CFF013000F0A780099A5A4409929AF872
:105D10000030002B00F09F8000234FF0FF32CDE9D0
:105D200005230AF1010A049307938DF853301A935F
:105D30005446052214F8011B4E48EAF759FA049A12
:105D4000D8B9D00644BF20238DF85330110744BF83
:105D50002B238DF853309AF800302A2B15D0079A50
:105D6000544600204FF00A0C214611F8013B303B0D
:105D7000092B4BD9B0B1079214E0A0EB080309FA44
:105D800003F313430493A246D2E7039B191D1B6838
:105D90000391002BBBBF5B4242F0020207930793C3
:105DA000B8BF049223782E2B0AD163782A2B32D1E4
:105DB000039B1A1D1B68039243EAE37302340593A5
:105DC000DFF8C0A0217803225046EAF711FA38B173
:105DD000049BA0EB0A004022824013430134049349
:105DE00014F8011B24488DF828100622EAF700FA5F
:105DF000002836D0214B1BBB039B073323F007033E
:105E000008330393099B334409936AE70CFB02327E
:105E10000C460120A8E700230134059319464FF0F2
:105E20000A0C204610F8012B303A092A03D9002B1E
:105E3000C6D00591C4E70CFB012104460123F0E71D
:105E400003AB00932A460E4B04A93846FDF7ECF845
:105E5000421C0646D6D1AB895B063FF52DAF0998AB
:105E60002CE703AB00932A46054B04A93846FDF7FF
:105E700073FBEDE7228803082C8803082930030808
:105E8000DB5B0308288803089368013B002B10B4F0
:105E9000936008DA9469A34201DB0A2903D15DF813
:105EA000044BFDF701BE1368581C106019700846BA
:105EB0005DF8044B7047F8B506460F461446D518F2
:105EC000AC4201D1002007E014F8011B3A463046ED
:105ED000FFF7DAFF431CF3D1F8BD00002DE9F04FC6
:105EE0000D469DB014469846064618B1036A0BB994
:105EF000FDF7DCFC6B6ED90705D4AB899A0502D49B
:105F0000A86DFDF79AFFAB891B0701D52B699BB9DB
:105F100029463046FDF706FE70B16B6EDC0704D5EE
:105F20004FF0FF301DB0BDE8F08FAB899805F7D476
:105F3000A86DFDF783FFF3E70023099320238DF875
:105F40002930CDF80C803023DFF8AC818DF82A3071
:105F50004FF0010923469A4613F8012B0AB1252A6E
:105F6000F9D1BAEB040B0BD05B46224629463046EA
:105F7000FFF7A1FF013000F0A780099A5A44099267
:105F80009AF80030002B00F09F8000234FF0FF3282
:105F9000CDE905230AF1010A049307938DF85330E4
:105FA0001A935446052214F8011B5348EAF720F9C6
:105FB000049AD8B9D10644BF20238DF85330130773
:105FC00044BF2B238DF853309AF800302A2B15D07C
:105FD000079A544600204FF00A0C214611F8013B65
:105FE000303B092B4BD9B0B1079214E0A0EB08036A
:105FF00009FA03F313430493A246D2E7039B191D46
:106000001B680391002BBBBF5B4242F00202079367
:106010000793B8BF049223782E2B0AD163782A2BDA
:1060200032D1039B1A1D1B68039243EAE3730234C7
:106030000593DFF8D4A0217803225046EAF7D8F878
:1060400038B1049BA0EB0A00402282401343013484
:10605000049314F8011B29488DF828100622EAF74A
:10606000C7F800283FD0264B1BBB039B073323F008
:10607000070308330393099B3B4409936AE70CFB2E
:1060800002320C460120A8E700230134059319468B
:106090004FF00A0C204610F8012B303A092A03D998
:1060A000002BC6D00591C4E70CFB01210446012357
:1060B000F0E703AB00932A46124B04A93046FCF7E5
:1060C000B3FF0746781CD6D16B6ED90705D4AB89D0
:1060D0009A0502D4A86DFDF7B1FEAB895B063FF5CA
:1060E0001FAF09981EE703AB00932A46054B04A98E
:1060F0003046FDF731FAE4E7228803082C880308CC
:1061000029300308B75E030828880308B1F90C207A
:106110002DE9F041160705460C4654D44B68002B78
:1061200002DC0B6C002B48DDE66A002E45D0002314
:1061300012F480522F68216A2B6030D0626DA389DF
:10614000590705D56368D21A636B0BB1236CD21A59
:106150000023E66A216A2846B047431CA38906D17A
:1061600029681D292BD82A4ACA40D60727D50022DC
:106170006260D9042269226004D5421C01D12B68D7
:1061800003B96065616B2F60B9B104F144039942B2
:1061900002D02846FEF7CCFC002363630DE0012308
:1061A0002846B0470246501CC9D12B68002BC6D0E8
:1061B0001D2B01D0162B1ED12F60002022E043F0B2
:1061C00040031BB21BE00F69002FF6D093070E6847
:1061D00008BF4B690F6018BF0023A6EB07088B6050
:1061E000B8F1000FE9DD216AA66A43463A4628461F
:1061F000B047002808DCB4F90C3043F04003A38119
:106200004FF0FF30BDE8F0810744A8EB0008E7E756
:106210000100402038B50B6905460C4613B900252E
:10622000284638BD18B1036A0BB9FDF73FFBB4F936
:106230000C30002BF3D0626ED00704D4990502D441
:10624000A06DFDF7FAFD28462146FFF75FFF636E5C
:10625000DA070546E4D4A3899B05E1D4A06DFDF7D8
:10626000EDFDDDE770B50C46B1F90E10002996B0D2
:1062700015461E460DDAA38913F0800F4FF000017A
:1062800014BF40234FF48063002031602B6016B0B0
:1062900070BD6A4600F092F80028ECDB019901F429
:1062A0007041A1F50053594259414FF48063EBE727
:1062B0008B89F7B59D0706460C4607D504F14703C1
:1062C000236023610123636103B0F0BD01AB6A4623
:1062D000FFF7C8FF009F054639463046FBF7B0FE82
:1062E00048B9B4F90C309A05EED423F0030343F017
:1062F0000203A381E2E7A389206043F08003A38126
:10630000019BC4E904075BB1B4F90E10304600F0FC
:1063100067F828B1A38923F0030343F00103A381A5
:10632000A3891D43A581CFE7884210B501EB020484
:1063300002D98442234607D8431EA14208D011F84F
:10634000012B03F8012FF8E7024401468A4200D1ED
:1063500010BD13F8014D02F8014DF7E71F2938B5BC
:1063600005460C4604D9162303604FF0FF3038BDB4
:10637000C26B12B152F821304BB9284600F052F8E6
:10638000224601462846BDE8384000F039B8012BC6
:106390000AD0591C03D1162303600120E7E700212E
:1063A00042F82410204698470020E0E7024B0146BF
:1063B0001868FFF7D3BF00BF3C03002038B5074D76
:1063C00000230446084611462B60ECF7C6FD431C2B
:1063D00002D12B6803B1236038BD00BFAC88002018
:1063E00038B5064D0023044608462B60ECF7BAFD8D
:1063F000431C02D12B6803B1236038BDAC88002058
:1064000038B5074D00230446084611462B60ECF7CB
:1064100077FD431C02D12B6803B1236038BD00BF58
:10642000AC880020ECF76ABD08B52DED028BB0EE0C
:10643000408A00F017F8B4EE488AF1EE10FA0CD654
:10644000DFED078AB4EEE88AF1EE10FA05D5FDF724
:10645000C9FC88EEA80A21230360BDEC028B08BDAD
:1064600000000000B1EEC00A70470000F8B500BFA0
:10647000F8BC08BC9E467047F8B500BFF8BC08BC25
:046480009E4670477D
:106488006E61007B22636D64223A22693263222C9A
:10649800226576656E74223A2268616C5F65727255
:1064A8006F72222C22737263223A222573222C22C5
:1064B800657272223A256C757D007B22636D6422B9
:1064C8003A22693263222C226576656E74223A225A
:1064D8007265636F7665725F626567696E222C22EA
:1064E800726561736F6E223A222573227D007B22CA
:1064F800636D64223A22693263222C226576656EC6
:1065080074223A227265636F7665725F646F6E6596
:10651800222C2273636C223A25752C227364612223
:106528003A25757D00756E73796E636564005379DD
:106538007374656D3A2057692D466920636F6E6ED6
:1065480065637465642E0053797374656D3A2057DA
:10655800692D466920646973636F6E6E656374653F
:10656800642E0053797374656D3A20555342206345
:106578006F6E6E656374656420286D6173746572EF
:10658800292E0053797374656D3A2055534220645F
:106598006973636F6E6E65637465642E00537973F7
:1065A80074656D3A2048554220636F6E6E6563745A
:1065B80065642E0053797374656D3A2048554220FE
:1065C800636F6E6E656374696F6E206C6F73742E83
:1065D8000053797374656D3A205061727365722047
:1065E8006D6F64756C652074696D656F75742E00C8
:1065F80053797374656D3A204D6F746F72207370A0
:10660800656564207570646174656420E286922013
:1066180025642050574D0044796E6F7469733A2091
:106628004D656D6F72795F47657456616C7565204D
:106638006661696C65642E007B226D656D6F727989
:106648005F73796E63223A222573227D0053797332
:1066580074656D3A204D656D6F72792073796E633C
:1066680020737461747573206E6F746966696564EC
:1066780020E286922025730053797374656D3A2061
:106688004556454E545F4D454D4F52595F53544101
:10669800545553207265636569766564207769741B
:1066A80068204E554C4C20646174612E00426F6F17
:1066B8007420636F6D6D616E64206E6F74207375E6
:1066C80070706F72746564206279206170706C6993
:1066D800636174696F6E007B22636D64223A226D78
:1066E800656D6F7279222C226576656E74223A2266
:1066F80073657475705F7265717569726564227D02
:10670800007B22636D64223A227365745F70776D33
:10671800222C22726573756C74223A226F6B222CBC
:10672800226D696E223A25647D007B22636D6422A6
:106738003A227365745F70776D222C2272657375C7
:106748006C74223A226661696C222C22726561732C
:106758006F6E223A227061727365725F6E6F745F3A
:10676800636F6E6E6563746564227D007B22636D62
:1067780064223A227265626F6F74222C22737461EC
:10678800747573223A227363686564756C65642254
:106798002C22696E5F6D73223A256C757D007B2211
:1067A800636D64223A227369676E6174757265223B
:1067B8002C22737461747573223A226F6B227D00E8
:1067C8007B22636D64223A227369676E6174757205
:1067D80065222C22737461747573223A226661698A
:1067E8006C6564227D007B22636D64223A226261BB
:1067F8006C616E636572222C22726573756C7422EB
:106808003A226F6B222C2266656174757265223A92
:1068180022656E61626C6564227D007B22636D6413
:10682800223A2262616C616E636572222C22726563
:1068380073756C74223A226661696C227D007B2232
:10684800636D64223A2262616C616E636572222C08
:1068580022726573756C74223A226F6B222C226641
:10686800656174757265223A2264697361626C6548
:1068780064227D007B22636D64223A2262616C612E
:106888006E636572222C2266656174757265223AA0
:1068980022656E61626C6564227D007B22636D6493
:1068A800223A2262616C616E636572222C226665EF
:1068B8006174757265223A2264697361626C6564F9
:1068C800227D007B22636D64223A227761727261B5
:1068D8006E7479222C22726573756C74223A226F59
:1068E8006B222C22737461747573223A226F75744B
:1068F8005F6F665F77617272616E7479227D007B6B
:1069080022636D64223A2277617272616E74792211
:106918002C22726573756C74223A226661696C2246
:106928007D007B22636D64223A2277617272616E08
:106938007479222C22726573756C74223A226F6BFB
:10694800222C22737461747573223A22696E5F7700
:10695800617272616E7479227D007B22636D64229C
:106968003A2277617272616E7479222C2273746193
:10697800747573223A226F75745F6F665F77617200
:1069880072616E7479227D007B22636D64223A22E3
:1069980077617272616E7479222C227374617475D6
:1069A80073223A22696E5F77617272616E7479221E
:1069B8007D007B22636D64223A2266775F7665727A
:1069C80073696F6E222C2276657273696F6E223A34
:1069D80022322E352E37227D007B22636D64223AC7
:1069E8002268775F76657273696F6E222C227665EE
:1069F8007273696F6E223A22322E352E30227D0054
:106A080053797374656D3A204576656E7420E28615
:106A180092202573006D6F746F72007B22636D6422
:106A2800223A2270657266222C226576656E74227F
:106A38003A22736C6F775F6D6F64756C65222C22D8
:106A48006D6F64223A222573222C2264745F6D7361
:106A5800223A256C757D00736C6F775F6474007BD8
:106A680022636D64223A227265626F6F74222C224F
:106A7800737461747573223A226E6F77227D007B7E
:106A880022636D64223A226D656D6F7279222C2221
:106A98006F70223A22676574222C22726573756CB6
:106AA80074223A226661696C222C22726561736FC6
:106AB8006E223A226E6F745F636F6E6E65637465E3
:106AC80064227D007B22636D64223A226D656D6FBE
:106AD8007279222C226F70223A226A736F6E5F706D
:106AE80061636B222C22726573756C74223A22667C
:106AF80061696C222C22726561736F6E223A22746E
:106B080072756E6361746564227D007B22636D64B7
:106B1800223A226D656D6F7279222C226F70223AAB
:106B2800226A736F6E5F7061636B222C22726573C9
:106B3800756C74223A226661696C222C2272656136
:106B4800736F6E223A22656D707479227D007B2204
:106B5800636D64223A226D656D6F7279222C226F03
:106B680070223A22626F6F745F7265717565737413
:106B7800222C22726573756C74223A226F6B227D07
:106B8800007B22636D64223A226D656D6F727922F3
:106B98002C226F70223A22626F6F745F7265717572
:106BA800657374222C22726573756C74223A22669E
:106BB80061696C222C22726561736F6E223A2268B9
:106BC800616C227D007B22636D64223A226D656DC3
:106BD8006F7279222C226F70223A22666F726D6171
:106BE800745F646576696365222C22726573756CBF
:106BF80074223A226F6B227D007B22636D64223AF5
:106C0800226D656D6F7279222C226F70223A22668E
:106C18006F726D61745F646576696365222C227298
:106C28006573756C74223A226661696C227D007BFB
:106C380022636D64223A226D656D6F7279222C226F
:106C48006F70223A227365745F64657669636522A2
:106C58002C22726573756C74223A226661696C2203
:106C68002C22726561736F6E223A226E6F5F736EAB
:106C7800617073686F74227D007B22636D64223AB1
:106C8800226D656D6F7279222C226F70223A227301
:106C980065745F646576696365222C227265737515
:106CA8006C74223A226F6B227D007B22636D642212
:106CB8003A226D656D6F7279222C226F70223A220A
:106CC8007365745F646576696365222C22726573E7
:106CD800756C74223A226661696C227D007B22639E
:106CE8006D64223A226D656D6F7279222C226F7065
:106CF800223A227365745F626F6F74222C22726568
:106D080073756C74223A226661696C222C22726552
:106D180061736F6E223A226E6F5F736E6170736873
:106D28006F74227D007B22636D64223A226D656D4B
:106D38006F7279222C226F70223A227365745F6217
:106D48006F6F74222C22726573756C74223A226FED
:106D58006B227D007B22636D64223A226D656D6F24
:106D68007279222C226F70223A227365745F626FE7
:106D78006F74222C22726573756C74223A226661D4
:106D8800696C227D007B22636D64223A226D656DF9
:106D98006F7279222C226F70223A22626F6F745FB1
:106DA80072657175657374222C226576656E74221E
:106DB8003A22656E7465726564227D007B22636D7C
:106DC80064223A226D656D6F7279222C226F7022CF
:106DD8003A22626F6F745F72657175657374222CE5
:106DE8002268616C5F737461747573223A25647DDF
:106DF800007B22636D64223A226D656D6F72792281
:106E08002C226F70223A22626F6F745F72657175FF
:106E1800657374222C226D6972726F72223A227322
:106E28006B6970222C22726561736F6E223A226D33
:106E3800656D5F6E6F745F636F6E6E6563746564B6
:106E4800227D007B22636D64223A226D656D6F722C
:106E580079222C226F70223A22666F726D61745FFC
:106E6800646576696365222C22726573756C742279
:106E78003A2261726D6564227D004F70657261749B
:106E8800696F6E4D616E616765723A20496E766111
:106E98006C6964206D6F6465202564004F706572AD
:106EA8006174696F6E4D616E616765723A204D6FEE
:106EB8006465207570646174656420746F2025644E
:106EC8000053656D6169204176696174696F6E2050
:106ED8004C74642E3B44796E6F7469733B25733B25
:106EE80025733B256C753B762E257300322E352E87
:106EF80037004F6374202037203230323600252E79
:106F080033662C252E33662C252E33662C252E33FE
:106F1800662C252E33662C252E31662C252E3266BE
:106F28002C252E32662C252E33662C252E33662CE6
:106F3800252E33662C252E33662C252E33662C25DC
:106F48002E33662C252E33662C252E32662C252EC4
:106F58003366007B2274223A252E33662C2274680D
:106F6800223A252E33662C22746F223A252E336658
:106F78002C2263223A252E33662C2276223A252E9D
:106F880033662C2265223A252E33662C2278223A43
:106F9800252E33662C2279223A252E33662C227A26
:106FA800223A252E33662C226D74223A252E33661A
:106FB8002C226174223A252E33662C2272223A251D
:106FC8002E31667D002C00747275650066616C73E5
:106FD80065007B22636D64223A2262616C616E6394
:106FE800657222002C2274696D657374616D70225C
:106FF8003A252E3366002C2272706D223A252E33E4
:1070080066002C2279223A5B002573252E3367000F
:107018005D002C22666C6167223A2573007B22741E
:10702800696D657374616D70223A252E33662C2262
:107038006D6F746F725F74656D70223A252E3366BA
:107048002C22616D6269656E745F74656D70223A99
:10705800252E33662C226261726F5F74656D702213
:107068003A252E33662C226573635F74656D702232
:107078003A252E33667D007B2274696D65737461D1
:107088006D70223A252E33662C226C6F616463651D
:107098006C6C223A7B22766F6C746167655F7556FB
:1070A800223A252E33662C2263757272656E745FE0
:1070B8007556223A252E33662C22766F6C746167DA
:1070C800655F56223A252E36662C226375727265E4
:1070D8006E745F41223A252E36667D2C22626174D9
:1070E80074657279223A7B22766F6C746167655F8A
:1070F8006D56223A252E33662C2263757272656EA0
:10710800745F6D56223A252E33662C22766F6C7486
:107118006167655F56223A252E36662C22637572A2
:1071280072656E745F41223A252E36662C22766F80
:107138006C746167655F616463223A252E31662C41
:107148002263757272656E745F616463223A252EDC
:1071580031667D7D004D6F646548616E646C657253
:107168003A206670733D2564207469636B5F6469B7
:10717800763D256C7500556E68616E646C6564209B
:1071880044796E6F746973206D6F64653A20256465
:107198000D0A00416E657370205541525420657286
:1071A800726F72203078256C5820E28094205258F3
:1071B80020444D412072652D61726D65642E002456
:1071C80057494D575600416E65737020696E697452
:1071D800206661696C65642E00416E657370206974
:1071E8006E697420E2809420646574656374696EC6
:1071F8006720283936303020626175642C203320AE
:10720800732077696E646F77292E00416E657370FD
:107218003A20616E656D6F6D657465722064657482
:10722800656374656420E280942073746179696E83
:1072380067206174203936303020626175642E0011
:10724800416E6573703A206E6F20616E656D6F6D6B
:107258006574657220E28094207377697463686549
:107268006420746F2032204D6261756420776972E2
:10727800656C6573732E006F7574446174612021A9
:107288003D204E554C4C002E2E2F4C696272617277
:107298006965732F42616C616E6365722F42616C20
:1072A800616E6365725F6C6962726172792E6300E8
:1072B8002E2E2F4C69627261726965732F4261725A
:1072C8006F6D657465722F4261726F6D657465725A
:1072D8005F6C6962726172792E6300424D45323883
:1072E80030206E6F742070726573656E74206F72D3
:1072F8002077726F6E672049442028307825303215
:10730800582900424D45323830207472696D207218
:10731800656164206661696C656400424D45323878
:107328003020636F6E666967206661696C6564000A
:10733800424D45323830206C6F73742C207363686B
:107348006564756C696E672072652D696E69740075
:10735800424D4532383020636F6E666967757261D9
:1073680074696F6E206C6F73742C20736368656426
:10737800756C696E672072652D696E697400424D7F
:107388004532383020696E76616C696420726177A5
:1073980020646174612C207363686564756C696E20
:1073A800672072652D696E697400424D4532383028
:1073B8002072656164206661696C6564207265701D
:1073C80065617465646C79004465766963655F53CB
:1073D80074617475733A25753B4553433A25753B7B
:1073E8000D0A0043414E204944206F7574206F6692
:1073F8002072616E67653A203078256C58202D3EE2
:107408002066616C6C6261636B203078256C580073
:1074180043414E4D47523A2054582061626F72746E
:1074280020E2809320696E76616C6964206C656ED9
:107438003D25750043414E4D47523A205458206926
:10744800676E6F72656420E2809320757365722D94
:107458006C656E3D2575203E2025750043414E4DD7
:1074680047523A2057726974655458427566666582
:1074780072206661696C656420286D61736B3D30AC
:10748800290043414E4D47523A205472616E736D44
:107498006974427566666572436F6E74656E74735F
:1074A800206661696C6564005443414E3A20446526
:1074B80076696365204944204F4B21005443414E6F
:1074C8003A20446576696365204944204641494C21
:1074D800454421005443414E3A204D6F6465204E87
:1074E8004F54204E4F524D414C21206D6F64653DE5
:1074F8002564204445565F4D4F4445535F414E44F3
:107508005F50494E533D30782530386C580054430D
:10751800414E3A204D6F6465204F4B20284E4F5204
:107528004D414C290043414E4D47523A20496E691E
:107538007420646F6E652E0043414E4D47523A20C9
:10754800526561645278206F75745F6672616D650B
:107558003D4E554C4C0043414E4D47523A205350F6
:10756800494552520043414E4D47523A2052582005
:107578007472756E6361746564202575202D3E20D4
:107588002575006D6620213D204E554C4C002E2E51
:107598002F4C69627261726965732F436F6D6D6FED
:1075A8006E2F46696C7465722F6D656469616E5FD4
:1075B80066696C7465722E630073697A65203C3D58
:1075C800204D454449414E5F46494C5445525F4D14
:1075D80041585F53495A452026262073697A652009
:1075E8003E3D203300554E4B4E4F574E5F45564556
:1075F8004E54004556454E545F4E4F4E4500455635
:10760800454E545F5553425F434F4E4E4543544594
:1076180044004556454E545F5553425F44495343D1
:107628004F4E4E4543544544004556454E545F57CA
:107638004946495F434F4E4E4543544544004556DD
:10764800454E545F574946495F444953434F4E4E50
:107658004543544544004556454E545F414E454DBB
:107668004F5F434F4E4E4543544544004556454EA3
:10767800545F414E454D4F5F444953434F4E4E452D
:1076880043544544004556454E545F4553435F5463
:10769800454D505F434F4E4E454354454400455673
:1076A800454E545F4553435F54454D505F555044D4
:1076B80041544544004556454E545F4553435F5435
:1076C800454D505F54494D454F5554004556454E1C
:1076D800545F4D4F544F525F54494D454F555400D8
:1076E8004556454E545F4D4F544F525F5354415287
:1076F80054004556454E545F4D4F544F525F5354B6
:107708004F50004556454E545F4D4F544F525F53AE
:10771800504545445F555044415445004556454EF3
:10772800545F4C4F414443454C4C5F54494D454F81
:107738005554004556454E545F4C4F414443454CC3
:107748004C5F434F4E4E4543544544004556454EC5
:10775800545F4C4F414443454C4C5F444953434F5D
:107768004E4E4543544544004556454E545F4C4F94
:10777800414443454C4C5F544152455F444F4E454C
:10778800004556454E545F424154544552595F5442
:10779800494D454F5554004556454E545F42415456
:1077A800544552595F434F4E4E4543544544004556
:1077B80056454E545F4445564943455F4944454EF6
:1077C800544946494544004556454E545F4445563C
:1077D8004943455F4D4F44455F4348414E47454403
:1077E800004556454E545F4553435F434F4D4D4109
:1077F8004E445F53454E54004556454E545F4D4FD9
:1078080044455F5449434B004556454E545F434FEA
:107818004E4E454354494F4E5F4348414E474544B9
:10782800004556454E545F54454C454D45545259B4
:107838005F5041434B4554004556454E545F4E4FAB
:1078480044455F434F4E4E454354454400455645D5
:107858004E545F4E4F44455F444953434F4E4E4547
:1078680043544544004556454E545F4855425F438E
:107878004F4E4E4543544544004556454E545F4887
:1078880055425F444953434F4E4E45435445440087
:107898004556454E545F5041525345525F455343F8
:1078A8005F56414C5545004556454E545F50415230
:1078B8005345525F4445564943455F5354415455D7
:1078C80053004556454E545F5041525345525F53FD
:1078D80045545F50574D004556454E545F504152F0
:1078E8005345525F434F4E4E454354454400455619
:1078F800454E545F5041525345525F54494D454F90
:107908005554004556454E545F5041525345525FB9
:107918004745545F4445564943455F504152414DA0
:1079280053004556454E545F5041525345525F47A8
:1079380045545F424F4F545F504152414D530045AB
:1079480056454E545F5041525345525F4745545F28
:107958004D454D4F52595F414C4C004556454E548C
:107968005F4D454D4F52595F464F524D41545F440C
:107978004556494345004556454E545F504152537C
:1079880045525F5345545F4445564943455F50410E
:1079980052414D53004556454E545F504152534550
:1079A800525F5345545F424F4F545F504152414DCF
:1079B80053004556454E545F5041525345525F421D
:1079C8004F4F545F52455155455354004556454E07
:1079D800545F4D454D4F52595F53544154555300D0
:1079E8004556454E545F4D454D4F52595F4441549D
:1079F800415F4C4F41444544004556454E545F4D08
:107A0800454D4F52595F53455455505F5245515556
:107A180049524544004556454E545F424F4F545FC6
:107A2800424547494E004556454E545F424F4F54D4
:107A38005F4348554E4B004556454E545F424F4FA5
:107A4800545F454E44004556454E545F424F4F548F
:107A58005F41424F5254004556454E545F424F4F86
:107A6800545F5354415455535F5245510045564550
:107A78004E545F424F4F545F45524153455F524504
:107A880051004556454E545F5041525345525F523E
:107A980045424F4F54004556454E545F504152534E
:107AA80045525F4150505F5349474E004556454E39
:107AB800545F42414C414E4345525F4645415455FF
:107AC80052455F454E41424C45004556454E545F30
:107AD80042414C414E4345525F46454154555245FB
:107AE8005F44495341424C45004556454E545F4218
:107AF800414C414E4345525F464541545552455FBE
:107B0800474554004556454E545F43414E5F5449DE
:107B18004D454F5554004556454E545F43414E5FC1
:107B2800444953434F4E4E454354454400455645FA
:107B38004E545F43414E5F434F4E4E454354454478
:107B4800004556454E545F57415252414E54595F75
:107B58005345545F4F5554004556454E545F574161
:107B68005252414E54595F5345545F494E00455651
:107B7800454E545F57415252414E54595F47455400
:107B8800005B445331384232305D204E6F206465CB
:107B980076696365206465746563746564206F6ED7
:107BA80020312D5769726520627573005B4453312B
:107BB800384232305D2044657669636520646574B7
:107BC80065637465642C2064726976657220696ED9
:107BD800697469616C697A6564005B445331384241
:107BE80032305D204661696C656420746F2073745F
:107BF80061727420636F6E76657273696F6E20E2CE
:107C08008094206E6F206465766963653F005B44ED
:107C18005331384232305D20435243206D69736DD1
:107C2800617463682C2064697363617264696E6748
:107C38002072656164696E67005B4D415833313865
:107C480036355D205350492072656164206661694C
:107C58006C656420287265673A2030782530325880
:107C680029005B4D415833313836355D2053504932
:107C7800207772697465206661696C656420287272
:107C880065673A20307825303258290063616C6C7A
:107C98006261636B20213D204E554C4C002E2E2FE7
:107CA8004C69627261726965732F4553435F54650D
:107CB8006D70657261747572652F4472697665724C
:107CC800732F6D617833313836355F647269766544
:107CD800722E63005B4D415833313836355D20498B
:107CE8006E6974206661696C65643A206E6F206302
:107CF80068697020726573706F6E736520284D49CE
:107D0800534F3D30784646292C20747279696E6746
:107D18002066616C6C6261636B002E2E2F4C696269
:107D28007261726965732F4553435F54656D706561
:107D38007261747572652F4553435F54656D706544
:107D48007261747572655F6C6962726172792E63B3
:107D5800007573657243616C6C6261636B20213DD1
:107D6800204E554C4C002E2E2F4C69627261726960
:107D780065732F4C6F616463656C6C2F414453319C
:107D88003235362F616473313235362E63002E2E2C
:107D98002F4C69627261726965732F4C6F616463FD
:107DA800656C6C2F4C6F616463656C6C5F6C6962A9
:107DB800726172792E6300656E61626C656400643D
:107DC800697361626C6564006F75745F6F665F7775
:107DD800617272616E747900696E5F776172726147
:107DE8006E7479007B22636D64223A226D656D6F33
:107DF8007279222C22646576696365223A7B227641
:107E0800657273696F6E223A256C752C226964223B
:107E18003A256C752C2263757272656E745F726197
:107E28006E6765223A256C752C226D6F64656C5FF0
:107E38006E756D223A256C752C2263616E5F6964DC
:107E4800223A256C752C2274696D657374616D70A6
:107E5800223A256C752C22746872757374223A5B09
:107E6800252E39672C252E39672C252E39672C2588
:107E78002E39675D2C227468727573745F6572722F
:107E8800223A5B252E39672C252E39672C252E3969
:107E9800672C252E39675D2C22746F7271756522E7
:107EA8003A5B252E39672C252E39672C252E396704
:107EB8002C252E39675D2C22746F727175655F658C
:107EC8007272223A5B252E39672C252E39672C25AC
:107ED8002E39672C252E39675D2C22766F6C7461DC
:107EE80067655F646976223A252E39672C226573A7
:107EF800635F72726566223A252E39672C226261A9
:107F08006C616E636572223A222573222C22776196
:107F18007272616E7479223A222573227D7D007B0C
:107F280022636D64223A226D656D6F7279222C226C
:107F3800626F6F74223A7B2276657273696F6E2264
:107F48003A256C752C22626F6F745F636F756E745F
:107F5800223A256C752C2270656E64696E675F75B0
:107F68007064617465223A256C752C22696D6167AD
:107F7800655F6372633332223A256C752C22696D12
:107F88006167655F73697A65223A256C752C226191
:107F980070705F6A756D705F636F756E74223A25D5
:107FA8006C752C227369676E6174757265223A224A
:107FB80030782530346C58227D7D007B22636D64D7
:107FC800223A227365745F646576696365222C22A0
:107FD800766F6C746167655F6469765F62697473F4
:107FE800223A2230782530386C58222C2265736367
:107FF8005F727265665F62697473223A223078250F
:1080080030386C58222C227468727573745F6269F8
:108018007473223A5B2230782530386C58222C222F
:1080280030782530386C58222C2230782530386C3E
:1080380058222C2230782530386C58225D2C227436
:1080480068727573745F6572725F62697473223ADD
:108058005B2230782530386C58222C223078253035
:10806800386C58222C2230782530386C58222C2233
:1080780030782530386C58225D2C22746F727175F7
:10808800655F62697473223A5B2230782530386CF8
:1080980058222C2230782530386C58222C223078FF
:1080A8002530386C58222C2230782530386C5822EC
:1080B8005D2C22746F727175655F6572725F62699B
:1080C8007473223A5B2230782530386C58222C227F
:1080D80030782530386C58222C2230782530386C8E
:1080E80058222C2230782530386C58225D7D007B50
:1080F80022636D64223A226D656D6F7279222C229B
:108108006576656E74223A222573227D006C6F6154
:10811800645F726561645F6661696C006C6F61645D
:108128005F6F6B00696E69745F6F6B004D656D6F93
:1081380072793A204E554C4C206465766963655FC8
:10814800706172616D735F742E00736176655F662E
:1081580061696C00736176655F6F6B00736176654A
:108168005F626F6F743A20766572696679206D690F
:10817800736D61746368006170705F7369676E0026
:108188002E2E2F4C69627261726965732F5061726D
:108198007365722F5061727365725F6C6962726188
:1081A80072792E63005061727365723A205265636A
:1081B800656976656420656D707479206F72206ECC
:1081C800756C6C206C696E652E0044657669636514
:1081D8005F5374617475733A003B004553433A002A
:1081E8004650533A00506172736572285379732967
:1081F8003A204A534F4E207061727365206572723F
:108208006F72006765745F646576696365006765AA
:10821800745F626F6F74006765745F6D656D6F7210
:108228007900666F726D61745F6465766963650075
:108238007365745F646576696365006375727265FA
:108248006E745F72616E6765006D6F64656C5F6EFA
:10825800756D0074696D657374616D700063616E2E
:108268005F696400746872757374007468727573FA
:10827800745F62697473007468727573745F657291
:1082880072007468727573745F6572725F62697484
:108298007300746F7271756500746F727175655FC4
:1082A8006269747300746F727175655F65727200CC
:1082B800746F727175655F6572725F62697473005D
:1082C800766F6C746167655F64697600766F6C744D
:1082D8006167655F6469765F62697473006573637B
:1082E8005F72726566006573635F727265665F626E
:1082F800697473007B22706172736572223A22730B
:108308007973222C226D7367223A227365745F6435
:1083180065766963655F70617273655F6661696CD4
:10832800227D007365745F626F6F7400626F6F7493
:108338005F636F756E740070656E64696E675F75F4
:10834800706461746500696D6167655F637263334A
:108358003200696D6167655F73697A650061707085
:108368005F6A756D705F636F756E74007369676EB1
:108378006174757265007B22706172736572223A4E
:1083880022737973222C226D7367223A22736574E3
:108398005F626F6F745F70617273655F6661696C4D
:1083A800227D00626F6F745F72657175657374000A
:1083B8007365745F70776D006D696E007B22706104
:1083C80072736572223A22737973222C226D736755
:1083D800223A227365745F70776D5F70617273659E
:1083E8005F6661696C227D007265626F6F740062FE
:1083F800616C616E6365725F6765740062616C6170
:108408006E6365725F656E61626C650062616C6166
:108418006E6365725F64697361626C650067657439
:108428005F66775F76657273696F6E006765745F04
:1084380068775F76657273696F6E007761727261D3
:108448006E74795F6765740077617272616E7479B2
:108458005F6F75740077617272616E74795F696EAF
:10846800006765745F636F6566665F68657800506E
:10847800617273657228537973293A20756E726533
:10848800636F676E697A656420636D64006E756CEE
:108498006C0025312E31356700256C670025312E9B
:1084A80031376700EFBBBF0073747265616D20667A
:1084B800756C6C00696F206572726F7200696E76F8
:1084C800616C696420646174615F73697A650069CD
:1084D8006E76616C6964206669656C642074797075
:1084E80065007375626D73672073697A65206368C8
:1084F800616E6765640062797465732073697A6573
:10850800206578636565646564007A65726F2D6CB3
:10851800656E67746820737472696E6700756E742F
:1085280065726D696E6174656420737472696E67D3
:1085380000696E76616C6964206669656C642064A4
:10854800657363726970746F72006D697373696EB5
:1085580067207265717569726564206669656C6407
:108568000063616C6C6261636B206572726F72008C
:108578006172726179206D61782073697A6520650E
:108588007863656564656400286E6F6E65290069A7
:108598006E76616C696420657874656E73696F6E58
:1085A800005553422053747265616D20696E697479
:1085B80069616C697A65642E0053542D256C7500C9
:1085C80053544D6963726F656C656374726F6E693D
:1085D80063730053544D3332205669727475616C5D
:1085E80020436F6D506F72740043444320436F6E95
:1085F8006669670043444320496E74657266616327
:1086080065002C2066756E6374696F6E3A20006190
:108618007373657274696F6E2022257322206661F8
:10862800696C65643A2066696C6520222573222C82
:10863800206C696E65202564257325730A00494EF0
:108648004600696E66004E414E006E616E00300055
:108658003031323334353637383941424344454670
:108668000030313233343536373839616263646506
:1086780066005245454E54206D616C6C6F632073E3
:108688007563636565646564002F6275696C642F42
:10869800676E752D746F6F6C732D666F722D7374A2
:1086A8006D33325F31332E332E72656C312E32309A
:1086B8003234303932362D313731352F7372632FDA
:1086C8006E65776C69622F6E65776C69622F6C696D
:1086D80062632F737472696E672F737472746F6B31
:1086E8002E63004300504F53495800496E66696E27
:1086F800697479004E614E002F6275696C642F674A
:108708006E752D746F6F6C732D666F722D73746D2B
:1087180033325F31332E332E72656C312E32303264
:1087280034303932362D313731352F7372632F6E2D
:1087380065776C69622F6E65776C69622F6C696208
:10874800632F7374646C69622F64746F612E6300A5
:1087580042616C6C6F6320737563636565646564FF
:10876800002F6275696C642F676E752D746F6F6C5E
:10877800732D666F722D73746D33325F31332E3300
:108788002E72656C312E32303234303932362D311A
:108798003731352F7372632F6E65776C69622F6E70
:1087A80065776C69622F6C6962632F7374646C6996
:1087B800622F6764746F612D6765746865782E63CE
:1087C800002F6275696C642F676E752D746F6F6CFE
:1087D800732D666F722D73746D33325F31332E33A0
:1087E8002E72656C312E32303234303932362D31BA
:1087F8003731352F7372632F6E65776C69622F6E10
:1088080065776C69622F6C6962632F7374646C6935
:10881800622F6D707265632E6300232D302B20004C
:10882800686C4C0065666745464700000101010118
:10883800010101000001000009C30208D5990208DE
:1088480005CE020819A2020815940208C5E8020814
:10885800000000000000000000100240800000003E
:108868000010024000010000001002400002000059
:10887800000C024020000000000C024040000000F4
:10888800000C0240800000000004024008000000C4
:10889800000402401000000001000000711D0208E1
:1088A80003000000B11E020802000000A91D020812
:1088B800040000007520020805000000AD21020830
:1088C800060000004923020807000000FD230208F3
:1088D8000000000001020304000000000000000086
:1088E8000102030406070809000610160006101600
:1088F80042616C616E6365725F47657456616C7541
:1089080065000000482600201C0000004261726FCC
:108918006D657465725F47657456616C75650000B6
:10892800C82B00200C000000080C10141820304040
:108938000C10141820304000AD8838A15DAB5DBA2A
:108948009788E2BAC83E18BB6EF200BB33A8F7217D
:108958001EB76C3BD250FD3BFDD7243C75BF023C93
:1089680052B39BA204F150BC51FAD3BCD8F804BD51
:108978003084CFBC977CF922972E2F3DC1C7C43DC8
:108988008DE0173E7BF73E3E604C4D3E7BF73E3E0A
:108998008DE0173EC1C7C43D972E2F3D977CF92225
:1089A8003084CFBCD8F804BD51FAD3BC04F150BC14
:1089B80052B39BA275BF023CFDD7243CD250FD3B6D
:1089C8001EB76C3B33A8F7216EF200BBC83E18BB3C
:1089D8009788E2BA5DAB5DBAAD8838A14D65646928
:1089E800616E46696C7465725F476574526573752C
:1089F8006C74004D656469616E46696C7465725F7C
:108A08005075736856616C7565004D656469616E73
:108A180046696C7465725F496E697400FB7503087A
:108A2800067603081A7603083176030846760308A3
:108A38005E760308747603088D760308A676030825
:108A4800BD760308D4760308E8760308FA760308A7
:108A58000B770308247703083B7703085477030848
:108A680070770308897703089F770308B7770308A7
:108A7800CF770308E977030800780308107803081C
:108A88002978030840780308557803086D780308A7
:108A98008178030898780308AF780308CA78030830
:108AA800DF780308F67803080B7903082A790308A6
:108AB80047790308637903087E7903089D790308D9
:108AC800BA790308D4790308E8790308017A030816
:108AD8001D7A03082E7A03083F7A03084E7A0308A2
:108AE8005F7A0308757A03088A7A03089E7A03086E
:108AF800ED750308ED750308B47A0308D27A030804
:108B0800F17A03080C7B03081E7B0308357B0308F6
:108B1800497B0308607B0308767B03084D41583383
:108B2800313836355F496E6974004553435F546583
:108B38006D70657261747572655F47657456616CB6
:108B4800756500009433002004000000414453314F
:108B58003235365F496E6974000001000102030076
:108B6800000000485878684C6F616463656C6C5FFE
:108B780047657456616C756500000000744B0020F1
:108B8800380000000B00000000000E08000010086C
:108B9800000400000A00000000000C0800000E0895
:108BA800000400008C8B03089C8B0308044D0020F4
:108BB8008400000000070E091C1B1215383F3631CF
:108BC80024232A2D70777E796C6B6265484F464165
:108BD80054535A5DE0E7EEE9FCFBF2F5D8DFD6D155
:108BE800C4C3CACD90979E998C8B8285A8AFA6A145
:108BF800B4B3BABDC7C0C9CEDBDCD5D2FFF8F1F635
:108C0800E3E4EDEAB7B0B9BEABACA5A28F88818624
:108C180093949D9A2720292E3B3C35321F18111614
:108C280003040D0A5750595E4B4C45426F68616604
:108C380073747D7A898E878095929B9CB1B6BFB8F4
:108C4800ADAAA3A4F9FEF7F0E5E2EBECC1C6CFC8E4
:108C5800DDDAD3D4696E676075727B7C51565F58D4
:108C68004D4A4344191E171005020B0C21262F28C4
:108C78003D3A33344E49404752555C5B7671787FB4
:108C88006A6D64633E39303722252C2B0601080FA4
:108C98001A1D1413AEA9A0A7B2B5BCBB9691989F94
:108CA8008A8D8483DED9D0D7C2C5CCCBE6E1E8EF84
:108CB800FAFDF4F330520020140000005061727382
:108CC80065725F47657456616C7565009453002042
:108CD800AC000000F88C0308F48C030800000000C6
:108CE800000000000B0000000B0000000000000066
:108CF80004120040081204400C14084010140C40E0
:108D080014141040181414401C14184020141C404B
:108D180024142040281424402C142840000000006B
:108D280034000000CEFBFFFFCB0300000100000071
:108D38000000000035000000CEFBFFFFCB03000061
:108D48000100000000000000BC89D897B2D29C3C0A
:108D580033A7A8D523F649393DA7F444FD0FA5321A
:108D68009D978CCF08BA5B25436FAC6428066811C1
:108D780000202020202020202020282828282820E3
:108D880020202020202020202020202020202020DB
:108D98002088101010101010101010101010101043
:108DA8001004040404040404040404101010101033
:108DB80010104141414141410101010101010101FD
:108DC800010101010101010101010101101010104F
:108DD80010104242424242420202020202020202CF
:108DE8000202020202020202020202021010101023
:108DF800200000000000000000000000000000004B
:108E0800000000000000000000000000000000005A
:108E1800000000000000000000000000000000004A
:108E2800000000000000000000000000000000003A
:108E3800000000000000000000000000000000002A
:108E4800000000000000000000000000000000001A
:108E5800000000000000000000000000000000000A
:108E680000000000000000000000000000000000FA
:108E78000000000005000000190000007D0000004F
:108E88000080E03779C34143176E05B5B5B89346FE
:108E9800F5F93FE9034F384D321D30F94877825ACA
:108EA8003CBF737FDD4F1575000000000000F03FE8
:108EB80000000000000024400000000000005940AD
:108EC8000000000000408F40000000000088C34000
:108ED80000000000006AF8400000000080842E4175
:108EE80000000000D01263410000000084D79741C1
:108EF8000000000065CDCD41000000205FA00242C7
:108F0800000000E876483742000000A2941A6D423B
:108F1800000040E59C30A2420000901EC4BCD6422E
:108F280000003426F56B0C430080E03779C34143D9
:108F380000A0D8855734764300C84E676DC1AB434F
:108F4800003D9160E458E143408CB5781DAF15446D
:108F580050EFE2D6E41A4B4492D54D06CFF0804448
:108F6800F64AE1C7022DB544B49DD9794378EA445D
:088F78005872FE7F01000000A9
:048F8000B50102082D
:048F8400910102084D
:108F88000C09002000040240000100000004024017
:108F98000002000000010000000000003119020872
:108FA800D00700003C05002024020000000000005B
:108FB800D91C0208B80B000000000000B124020808
:108FC80009000000FFFFFFFF0024F400010000007B
:108FD8001000000000000000000000000000000079
:108FE8000000000001000000500000000000000028
:108FF80085BC0208E8030000000000002DBF02083D
:10900800E80300000000D7430148000055D55C4341
:1090180000000000E9DC020810270000E803000057
:10902800F40100005A0000000200000055E70208A1
:1090380001000000DD1F0308ED1F03085921030884
:109048000000D743AEC75B4350000000010000009A
:1090580001000000900100000902430002010080A5
:109068003209040000010202010005240010010574
:1090780024010001042402020524060001070582D8
:109088000308001009040100020A00000007050196
:10909800024000000705810240000000B70B0308EA
:1090A8005D0B03086D0A030800000000F9080308B7
:1090B800090A0308D10903080000000000000000A5
:1090C80000000000890903083D0903088509030811
:1090D800310903080A0600020000004001000000F0
:1090E8004D16030815160308191603082916030850
:1090F8001D1603081A03000000000000000000000D
:109108000000000000000000000000000000000057
:1091180004030904120100020202004083044057BC
:109128000002010203010000E5160308F116030816
:109138006517030881170308291703089D170308F3
:10914800B917030800000000030000007087002022
:1091580043000000000000000000000000000000C4
:1091680000000000000000000000000000000000F7
:1091780043000000000000000000000000000000A4
:1091880000000000000000000000000000000000D7
:109198004300000000000000000000000000000084
:1091A80000000000000000000000000000000000B7
:1091B8004300000000000000000000000000000064
:1091C8000000000000000000000000000000000097
:1091D8004300000000000000000000000000000044
:1091E8000000000000000000000000000000000077
:1091F8004300000000000000000000000000000024
:109208000000000000000000000000000000000056
:109218004300000000000000000000000000000003
:109228000000000000000000000000000000000036
:10923800C15B03083752030800000000788D03085B
:1092480089650308EA730308EA730308EA730308E5
:10925800EA730308EA730308EA730308EA73030866
:10926800EA730308EA730308FFFFFFFFFFFFFFFF2E
:10927800FFFFFFFFFFFF0000010041534349490082
:1092880000000000000000000000000000000000D6
:10929800000000000000000000004153434949005D
:1092A80000000000000000000000000000000000B6
:1092B8000000000000000000000000004003002043
:1092C8000000000070870020D88700204088002018
:1092D8000000000000000000000000000000000086
:1092E8000000000000000000000000000000000076
:1092F8000000000000000000000000000000000066
:0C93080000000000000000000000000059
:04000005080233C9F1
:00000001FF
